Date,City,Type,Low Price,High Price,Avg Price
2017-04-29,BALTIMORE,,270.0,280.0,275.0
2017-05-06,BALTIMORE,,270.0,280.0,275.0
2016-09-24,BALTIMORE,,160.0,160.0,160.0
2016-09-24,BALTIMORE,,160.0,160.0,160.0
2016-11-05,BALTIMORE,,90.0,100.0,95.0
2016-11-12,BALTIMORE,,90.0,100.0,95.0
2016-09-24,BALTIMORE,,160.0,170.0,165.0
2016-09-24,BALTIMORE,,160.0,160.0,160.0
2016-10-01,BALTIMORE,,160.0,170.0,165.0
2016-10-01,BALTIMORE,,160.0,160.0,160.0
2016-10-08,BALTIMORE,,160.0,170.0,165.0
2016-10-08,BALTIMORE,,160.0,160.0,160.0
2016-10-15,BALTIMORE,,150.0,160.0,155.0
2016-10-15,BALTIMORE,,150.0,170.0,160.0
2016-10-22,BALTIMORE,,150.0,160.0,155.0
2016-10-22,BALTIMORE,,140.0,160.0,150.0
2016-10-29,BALTIMORE,,100.0,160.0,130.0
2016-10-29,BALTIMORE,,130.0,160.0,145.0
2016-10-29,BALTIMORE,,130.0,130.0,130.0
2016-11-05,BALTIMORE,,120.0,130.0,125.0
2016-11-05,BALTIMORE,,100.0,130.0,115.0
2016-11-05,BALTIMORE,,90.0,100.0,95.0
2016-11-12,BALTIMORE,,100.0,120.0,110.0
2017-09-16,BALTIMORE,,160.0,160.0,160.0
2017-09-23,BALTIMORE,,160.0,160.0,160.0
2017-09-30,BALTIMORE,,150.0,160.0,155.0
2017-09-30,BALTIMORE,,150.0,160.0,155.0
2017-09-23,BALTIMORE,,160.0,180.0,170.0
2017-09-30,BALTIMORE,,180.0,180.0,180.0
2017-06-03,BALTIMORE,,380.0,380.0,380.0
2017-06-10,BALTIMORE,,380.0,380.0,380.0
2017-06-17,BALTIMORE,,380.0,380.0,380.0
2017-08-19,BALTIMORE,,200.0,200.0,200.0
2017-08-26,BALTIMORE,,200.0,350.0,275.0
2017-09-02,BALTIMORE,,350.0,350.0,350.0
2017-09-09,BALTIMORE,,180.0,180.0,180.0
2017-09-09,BALTIMORE,,200.0,200.0,200.0
2017-09-16,BALTIMORE,,180.0,200.0,190.0
2017-09-16,BALTIMORE,,180.0,200.0,190.0
2017-09-23,BALTIMORE,,340.0,340.0,340.0
2017-09-23,BALTIMORE,,240.0,250.0,245.0
2017-09-23,BALTIMORE,,200.0,200.0,200.0
2017-09-30,BALTIMORE,,340.0,340.0,340.0
2017-09-30,BALTIMORE,,240.0,250.0,245.0
2017-09-30,BALTIMORE,,180.0,200.0,190.0
2017-08-12,BALTIMORE,,29.0,29.0,29.0
2017-08-12,BALTIMORE,,29.0,29.0,29.0
2017-08-19,BALTIMORE,,28.0,29.0,28.5
2017-08-26,BALTIMORE,,28.0,29.0,28.5
2017-08-26,BALTIMORE,,29.0,29.0,29.0
2017-09-02,BALTIMORE,,29.0,29.0,29.0
2017-09-09,BALTIMORE,,15.0,15.0,15.0
2017-09-16,BALTIMORE,,24.0,24.0,24.0
2017-09-16,BALTIMORE,,15.0,15.0,15.0
2016-09-24,BALTIMORE,,250.0,260.0,255.0
2016-09-24,BALTIMORE,,250.0,260.0,255.0
2016-10-01,BALTIMORE,,250.0,260.0,255.0
2016-10-01,BALTIMORE,,250.0,260.0,255.0
2016-10-08,BALTIMORE,,235.0,260.0,247.5
2016-10-08,BALTIMORE,,250.0,260.0,255.0
2016-10-15,BALTIMORE,,235.0,250.0,242.5
2016-10-22,BALTIMORE,,230.0,240.0,235.0
2016-10-29,BALTIMORE,,220.0,240.0,230.0
2016-10-29,BALTIMORE,,230.0,230.0,230.0
2016-11-05,BALTIMORE,,200.0,230.0,215.0
2016-11-05,BALTIMORE,,200.0,230.0,215.0
2016-11-12,BALTIMORE,,200.0,200.0,200.0
2016-11-19,BALTIMORE,,200.0,200.0,200.0
2016-11-19,BALTIMORE,,200.0,230.0,215.0
2016-11-26,BALTIMORE,,210.0,210.0,210.0
2016-09-24,BALTIMORE,,15.0,15.0,15.0
2016-09-24,BALTIMORE,,18.0,18.0,18.0
2016-10-01,BALTIMORE,,18.0,18.0,18.0
2016-10-01,BALTIMORE,,17.0,17.0,17.0
2016-10-08,BALTIMORE,,15.0,15.0,15.0
2016-10-08,BALTIMORE,,18.0,18.0,18.0
2016-10-08,BALTIMORE,,17.0,17.0,17.0
2016-10-08,BALTIMORE,,17.0,18.5,17.75
2016-10-15,BALTIMORE,,15.0,15.0,15.0
2016-10-15,BALTIMORE,,17.0,17.0,17.0
2016-10-15,BALTIMORE,,17.0,18.5,17.75
2016-10-22,BALTIMORE,,15.0,15.0,15.0
2016-10-22,BALTIMORE,,17.0,17.0,17.0
2016-10-22,BALTIMORE,,17.0,18.5,17.75
2016-10-29,BALTIMORE,,15.0,15.0,15.0
2016-10-29,BALTIMORE,,16.0,17.0,16.5
2016-10-29,BALTIMORE,,16.0,18.0,17.0
2017-09-16,BALTIMORE,,18.0,18.0,18.0
2017-09-23,BALTIMORE,,16.0,16.0,16.0
2017-09-23,BALTIMORE,,18.0,18.0,18.0
2017-09-23,BALTIMORE,,16.0,16.0,16.0
2017-09-30,BALTIMORE,,16.0,16.0,16.0
2017-09-30,BALTIMORE,,16.0,16.0,16.0
2016-09-24,BALTIMORE,,160.0,160.0,160.0
2017-09-23,BALTIMORE,,200.0,200.0,200.0
2017-09-30,BALTIMORE,,190.0,200.0,195.0
2016-09-24,BALTIMORE,,50.0,60.0,55.0
2016-09-24,BALTIMORE,,50.0,60.0,55.0
2016-09-24,BALTIMORE,,50.0,60.0,55.0
2016-10-01,BALTIMORE,,50.0,60.0,55.0
2016-10-01,BALTIMORE,,50.0,60.0,55.0
2016-10-01,BALTIMORE,,50.0,60.0,55.0
2016-10-08,BALTIMORE,,50.0,60.0,55.0
2016-10-08,BALTIMORE,,50.0,60.0,55.0
2016-10-08,BALTIMORE,,50.0,60.0,55.0
2016-10-08,BALTIMORE,,40.0,60.0,50.0
2016-10-08,BALTIMORE,,40.0,60.0,50.0
2016-10-08,BALTIMORE,,50.0,60.0,55.0
2016-10-08,BALTIMORE,,50.0,60.0,55.0
2016-10-15,BALTIMORE,,50.0,60.0,55.0
2016-10-15,BALTIMORE,,40.0,60.0,50.0
2016-10-15,BALTIMORE,,40.0,60.0,50.0
2016-10-15,BALTIMORE,,50.0,60.0,55.0
2016-10-22,BALTIMORE,,50.0,60.0,55.0
2016-10-22,BALTIMORE,,40.0,60.0,50.0
2016-10-22,BALTIMORE,,50.0,60.0,55.0
2016-10-29,BALTIMORE,,50.0,60.0,55.0
2016-10-29,BALTIMORE,,50.0,60.0,55.0
2017-09-23,BALTIMORE,,50.0,50.0,50.0
2017-09-30,BALTIMORE,,50.0,50.0,50.0
2017-09-16,BALTIMORE,,160.0,240.0,200.0
2017-09-23,BALTIMORE,,240.0,240.0,240.0
2017-09-30,BALTIMORE,,240.0,240.0,240.0
2016-09-24,BALTIMORE,,18.0,18.0,18.0
2016-09-24,BALTIMORE,,15.0,15.0,15.0
2016-10-01,BALTIMORE,,18.0,18.0,18.0
2016-10-01,BALTIMORE,,15.0,15.0,15.0
2016-10-01,BALTIMORE,,17.0,17.0,17.0
2016-10-08,BALTIMORE,,15.0,15.0,15.0
2016-10-08,BALTIMORE,,15.0,18.0,16.5
2016-10-08,BALTIMORE,,16.0,17.0,16.5
2016-10-08,BALTIMORE,,16.0,18.0,17.0
2016-10-15,BALTIMORE,,15.0,15.0,15.0
2016-10-15,BALTIMORE,,15.0,15.0,15.0
2016-10-15,BALTIMORE,,16.0,17.0,16.5
2016-10-15,BALTIMORE,,16.0,18.0,17.0
2016-10-22,BALTIMORE,,15.0,15.0,15.0
2016-10-22,BALTIMORE,,15.0,15.0,15.0
2016-10-22,BALTIMORE,,16.0,17.0,16.5
2016-10-22,BALTIMORE,,16.0,18.0,17.0
2016-10-29,BALTIMORE,,15.0,17.0,16.0
2016-10-29,BALTIMORE,,15.0,15.0,15.0
2016-10-29,BALTIMORE,,16.0,17.0,16.5
2016-10-29,BALTIMORE,,16.0,18.0,17.0
2016-11-05,BALTIMORE,,16.0,17.0,16.5
2017-09-16,BALTIMORE,,18.0,18.0,18.0
2017-09-23,BALTIMORE,,18.0,18.0,18.0
2017-09-23,BALTIMORE,,18.0,18.0,18.0
2017-09-30,BALTIMORE,,18.0,18.0,18.0
2017-09-30,BALTIMORE,,18.0,18.0,18.0
2016-09-24,BALTIMORE,,15.0,15.0,15.0
2016-10-01,BALTIMORE,,15.0,15.0,15.0
2016-10-08,BALTIMORE,,15.0,15.0,15.0
2016-09-24,ATLANTA,,140.0,154.75,147.375
2016-09-24,ATLANTA,,145.0,154.75,149.875
2016-09-24,ATLANTA,,150.0,154.75,152.375
2016-09-24,ATLANTA,,150.0,150.0,150.0
2016-10-01,ATLANTA,,140.0,154.75,147.375
2016-10-01,ATLANTA,,145.0,154.75,149.875
2016-10-01,ATLANTA,,150.0,154.75,152.375
2016-10-01,ATLANTA,,150.0,150.0,150.0
2016-10-08,ATLANTA,,140.0,154.75,147.375
2016-10-08,ATLANTA,,145.0,154.75,149.875
2016-10-08,ATLANTA,,150.0,154.75,152.375
2016-10-08,ATLANTA,,150.0,150.0,150.0
2016-10-15,ATLANTA,,140.0,145.0,142.5
2016-10-15,ATLANTA,,140.0,154.75,147.375
2016-10-15,ATLANTA,,145.0,154.75,149.875
2016-10-15,ATLANTA,,150.0,154.75,152.375
2016-10-15,ATLANTA,,150.0,150.0,150.0
2016-10-22,ATLANTA,,140.0,145.0,142.5
2016-10-22,ATLANTA,,140.0,154.75,147.375
2016-10-22,ATLANTA,,145.0,154.75,149.875
2016-10-22,ATLANTA,,150.0,154.75,152.375
2016-10-22,ATLANTA,,150.0,150.0,150.0
2016-10-29,ATLANTA,,140.0,145.0,142.5
2016-10-29,ATLANTA,,140.0,154.75,147.375
2016-10-29,ATLANTA,,145.0,154.75,149.875
2016-10-29,ATLANTA,,150.0,154.75,152.375
2016-10-29,ATLANTA,,150.0,150.0,150.0
2016-11-05,ATLANTA,,140.0,145.0,142.5
2016-11-05,ATLANTA,,140.0,154.75,147.375
2016-11-05,ATLANTA,,145.0,154.75,149.875
2016-11-05,ATLANTA,,150.0,154.75,152.375
2016-11-05,ATLANTA,,150.0,150.0,150.0
2017-09-30,ATLANTA,,150.0,150.0,150.0
2017-09-30,ATLANTA,,140.0,145.0,142.5
2017-09-30,ATLANTA,,140.0,140.0,140.0
2016-11-05,ATLANTA,,14.5,15.0,14.75
2016-11-12,ATLANTA,,14.5,15.0,14.75
2016-11-19,ATLANTA,,14.5,15.0,14.75
2016-11-26,ATLANTA,,14.5,15.0,14.75
2016-09-24,ATLANTA,,135.0,135.0,135.0
2016-10-01,ATLANTA,,135.0,135.0,135.0
2016-10-08,ATLANTA,,135.0,135.0,135.0
2016-10-15,ATLANTA,,135.0,135.0,135.0
2016-10-22,ATLANTA,,135.0,135.0,135.0
2016-10-29,ATLANTA,,135.0,135.0,135.0
2016-11-05,ATLANTA,,123.5,135.0,129.25
2016-11-12,ATLANTA,,123.5,135.0,129.25
2016-11-19,ATLANTA,,123.5,135.0,129.25
2016-11-26,ATLANTA,,123.5,135.0,129.25
2016-09-24,ATLANTA,,210.0,286.0,248.0
2016-10-01,ATLANTA,,210.0,286.0,248.0
2016-10-08,ATLANTA,,210.0,286.0,248.0
2016-10-15,ATLANTA,,210.0,286.0,248.0
2016-10-22,ATLANTA,,210.0,286.0,248.0
2016-10-29,ATLANTA,,210.0,286.0,248.0
2016-11-05,ATLANTA,,210.0,286.0,248.0
2017-09-30,ATLANTA,,16.5,18.0,17.25
2016-09-24,BOSTON,,160.0,200.0,180.0
2016-09-24,BOSTON,,160.0,200.0,180.0
2016-09-24,BOSTON,,160.0,200.0,180.0
2016-09-24,BOSTON,,160.0,200.0,180.0
2016-09-24,BOSTON,,160.0,180.0,170.0
2016-09-24,BOSTON,,160.0,180.0,170.0
2016-09-24,BOSTON,,140.0,160.0,150.0
2016-09-24,BOSTON,,140.0,160.0,150.0
2016-09-24,BOSTON,,140.0,160.0,150.0
2016-09-24,BOSTON,,200.0,225.0,212.5
2016-09-24,BOSTON,,180.0,225.0,202.5
2016-09-24,BOSTON,,180.0,225.0,202.5
2016-09-24,BOSTON,,180.0,225.0,202.5
2016-09-24,BOSTON,,180.0,225.0,202.5
2016-09-24,BOSTON,,180.0,225.0,202.5
2016-09-24,BOSTON,,170.0,180.0,175.0
2016-09-24,BOSTON,,170.0,180.0,175.0
2016-09-24,BOSTON,,140.0,160.0,150.0
2016-09-24,BOSTON,,140.0,160.0,150.0
2016-10-01,BOSTON,,160.0,200.0,180.0
2016-10-01,BOSTON,,160.0,200.0,180.0
2016-10-01,BOSTON,,160.0,200.0,180.0
2016-10-01,BOSTON,,160.0,200.0,180.0
2016-10-01,BOSTON,,160.0,180.0,170.0
2016-10-01,BOSTON,,160.0,180.0,170.0
2016-10-01,BOSTON,,140.0,160.0,150.0
2016-10-01,BOSTON,,140.0,160.0,150.0
2016-10-01,BOSTON,,140.0,160.0,150.0
2016-10-01,BOSTON,,200.0,225.0,212.5
2016-10-01,BOSTON,,180.0,225.0,202.5
2016-10-01,BOSTON,,180.0,225.0,202.5
2016-10-01,BOSTON,,180.0,225.0,202.5
2016-10-01,BOSTON,,180.0,225.0,202.5
2016-10-01,BOSTON,,180.0,225.0,202.5
2016-10-01,BOSTON,,170.0,180.0,175.0
2016-10-01,BOSTON,,170.0,180.0,175.0
2016-10-01,BOSTON,,140.0,160.0,150.0
2016-10-01,BOSTON,,140.0,160.0,150.0
2016-10-08,BOSTON,,160.0,200.0,180.0
2016-10-08,BOSTON,,160.0,200.0,180.0
2016-10-08,BOSTON,,160.0,200.0,180.0
2016-10-08,BOSTON,,160.0,200.0,180.0
2016-10-08,BOSTON,,160.0,180.0,170.0
2016-10-08,BOSTON,,160.0,180.0,170.0
2016-10-08,BOSTON,,140.0,160.0,150.0
2016-10-08,BOSTON,,140.0,160.0,150.0
2016-10-08,BOSTON,,140.0,160.0,150.0
2016-10-08,BOSTON,,200.0,225.0,212.5
2016-10-08,BOSTON,,180.0,225.0,202.5
2016-10-08,BOSTON,,180.0,225.0,202.5
2016-10-08,BOSTON,,180.0,225.0,202.5
2016-10-08,BOSTON,,180.0,225.0,202.5
2016-10-08,BOSTON,,180.0,225.0,202.5
2016-10-08,BOSTON,,170.0,180.0,175.0
2016-10-08,BOSTON,,170.0,180.0,175.0
2016-10-08,BOSTON,,140.0,160.0,150.0
2016-10-08,BOSTON,,140.0,160.0,150.0
2016-10-15,BOSTON,,160.0,200.0,180.0
2016-10-15,BOSTON,,160.0,200.0,180.0
2016-10-15,BOSTON,,160.0,200.0,180.0
2016-10-15,BOSTON,,160.0,200.0,180.0
2016-10-15,BOSTON,,160.0,180.0,170.0
2016-10-15,BOSTON,,160.0,180.0,170.0
2016-10-15,BOSTON,,140.0,160.0,150.0
2016-10-15,BOSTON,,140.0,160.0,150.0
2016-10-15,BOSTON,,140.0,160.0,150.0
2016-10-15,BOSTON,,200.0,225.0,212.5
2016-10-15,BOSTON,,180.0,225.0,202.5
2016-10-15,BOSTON,,180.0,225.0,202.5
2016-10-15,BOSTON,,180.0,225.0,202.5
2016-10-15,BOSTON,,180.0,225.0,202.5
2016-10-15,BOSTON,,180.0,225.0,202.5
2016-10-15,BOSTON,,170.0,180.0,175.0
2016-10-15,BOSTON,,170.0,180.0,175.0
2016-10-15,BOSTON,,140.0,160.0,150.0
2016-10-15,BOSTON,,140.0,160.0,150.0
2016-10-22,BOSTON,,150.0,200.0,175.0
2016-10-22,BOSTON,,160.0,200.0,180.0
2016-10-22,BOSTON,,150.0,200.0,175.0
2016-10-22,BOSTON,,160.0,200.0,180.0
2016-10-22,BOSTON,,160.0,180.0,170.0
2016-10-22,BOSTON,,150.0,180.0,165.0
2016-10-22,BOSTON,,140.0,160.0,150.0
2016-10-22,BOSTON,,140.0,160.0,150.0
2016-10-22,BOSTON,,130.0,160.0,145.0
2016-10-22,BOSTON,,195.0,225.0,210.0
2016-10-22,BOSTON,,180.0,225.0,202.5
2016-10-22,BOSTON,,180.0,225.0,202.5
2016-10-22,BOSTON,,180.0,225.0,202.5
2016-10-22,BOSTON,,180.0,225.0,202.5
2016-10-22,BOSTON,,175.0,225.0,200.0
2016-10-22,BOSTON,,170.0,180.0,175.0
2016-10-22,BOSTON,,160.0,180.0,170.0
2016-10-22,BOSTON,,140.0,160.0,150.0
2016-10-22,BOSTON,,140.0,160.0,150.0
2016-10-29,BOSTON,,150.0,200.0,175.0
2016-10-29,BOSTON,,160.0,200.0,180.0
2016-10-29,BOSTON,,160.0,200.0,180.0
2016-10-29,BOSTON,,150.0,200.0,175.0
2016-10-29,BOSTON,,150.0,180.0,165.0
2016-10-29,BOSTON,,160.0,180.0,170.0
2016-10-29,BOSTON,,140.0,160.0,150.0
2016-10-29,BOSTON,,140.0,160.0,150.0
2016-10-29,BOSTON,,130.0,160.0,145.0
2016-10-29,BOSTON,,180.0,225.0,202.5
2016-10-29,BOSTON,,170.0,225.0,197.5
2016-10-29,BOSTON,,170.0,225.0,197.5
2016-10-29,BOSTON,,160.0,225.0,192.5
2016-10-29,BOSTON,,160.0,225.0,192.5
2016-10-29,BOSTON,,150.0,225.0,187.5
2016-10-29,BOSTON,,160.0,180.0,170.0
2016-10-29,BOSTON,,150.0,180.0,165.0
2016-10-29,BOSTON,,140.0,160.0,150.0
2016-10-29,BOSTON,,140.0,160.0,150.0
2016-11-05,BOSTON,,180.0,225.0,202.5
2016-11-05,BOSTON,,170.0,225.0,197.5
2016-11-05,BOSTON,,170.0,225.0,197.5
2016-11-05,BOSTON,,160.0,225.0,192.5
2016-11-05,BOSTON,,160.0,225.0,192.5
2016-11-05,BOSTON,,150.0,225.0,187.5
2017-09-23,BOSTON,,200.0,225.0,212.5
2017-09-23,BOSTON,,175.0,200.0,187.5
2017-09-23,BOSTON,,175.0,200.0,187.5
2017-09-23,BOSTON,,200.0,225.0,212.5
2017-09-23,BOSTON,,175.0,200.0,187.5
2017-09-23,BOSTON,,175.0,200.0,187.5
2017-09-30,BOSTON,,200.0,225.0,212.5
2017-09-30,BOSTON,,175.0,200.0,187.5
2017-09-30,BOSTON,,175.0,200.0,187.5
2017-09-30,BOSTON,,200.0,225.0,212.5
2017-09-30,BOSTON,,175.0,200.0,187.5
2017-09-30,BOSTON,,175.0,200.0,187.5
2016-09-24,BOSTON,,260.0,285.0,272.5
2016-09-24,BOSTON,,260.0,285.0,272.5
2016-10-01,BOSTON,,260.0,285.0,272.5
2016-10-01,BOSTON,,260.0,285.0,272.5
2016-10-08,BOSTON,,260.0,285.0,272.5
2016-10-08,BOSTON,,260.0,285.0,272.5
2016-10-15,BOSTON,,260.0,285.0,272.5
2016-10-15,BOSTON,,260.0,285.0,272.5
2016-10-22,BOSTON,,260.0,285.0,272.5
2016-10-22,BOSTON,,260.0,285.0,272.5
2016-10-29,BOSTON,,260.0,285.0,272.5
2016-10-29,BOSTON,,260.0,285.0,272.5
2016-11-05,BOSTON,,260.0,285.0,272.5
2016-11-05,BOSTON,,260.0,285.0,272.5
2016-09-24,BOSTON,,15.0,16.0,15.5
2016-10-01,BOSTON,,15.0,16.0,15.5
2016-10-08,BOSTON,,15.0,16.0,15.5
2016-10-15,BOSTON,,15.0,16.0,15.5
2016-10-22,BOSTON,,15.0,16.0,15.5
2016-10-29,BOSTON,,15.0,16.0,15.5
2016-11-05,BOSTON,,15.0,16.0,15.5
2016-09-24,BOSTON,,260.0,285.0,272.5
2016-09-24,BOSTON,,260.0,285.0,272.5
2016-10-01,BOSTON,,260.0,285.0,272.5
2016-10-01,BOSTON,,260.0,285.0,272.5
2016-10-08,BOSTON,,260.0,285.0,272.5
2016-10-08,BOSTON,,260.0,285.0,272.5
2016-10-15,BOSTON,,260.0,285.0,272.5
2016-10-15,BOSTON,,260.0,285.0,272.5
2016-10-22,BOSTON,,260.0,285.0,272.5
2016-10-22,BOSTON,,260.0,285.0,272.5
2016-10-29,BOSTON,,260.0,285.0,272.5
2016-10-29,BOSTON,,260.0,285.0,272.5
2016-11-05,BOSTON,,260.0,285.0,272.5
2016-11-05,BOSTON,,260.0,285.0,272.5
2016-09-24,BOSTON,,15.0,16.0,15.5
2016-10-01,BOSTON,,15.0,16.0,15.5
2016-10-08,BOSTON,,15.0,16.0,15.5
2016-10-15,BOSTON,,15.0,16.0,15.5
2016-10-22,BOSTON,,15.0,16.0,15.5
2016-10-29,BOSTON,,15.0,16.0,15.5
2016-11-05,BOSTON,,15.0,16.0,15.5
2016-11-12,BOSTON,,15.0,16.0,15.5
2016-11-19,BOSTON,,15.0,16.0,15.5
2016-11-26,BOSTON,,15.0,16.0,15.5
2016-12-03,BOSTON,,15.0,16.0,15.5
2016-09-24,BOSTON,,15.0,16.0,15.5
2016-10-01,BOSTON,,15.0,16.0,15.5
2016-10-08,BOSTON,,15.0,16.0,15.5
2016-10-15,BOSTON,,15.0,16.0,15.5
2016-10-22,BOSTON,,15.0,16.0,15.5
2016-10-29,BOSTON,,15.0,16.0,15.5
2016-11-05,BOSTON,,15.0,16.0,15.5
2016-11-12,BOSTON,,15.0,16.0,15.5
2016-11-19,BOSTON,,15.0,16.0,15.5
2016-11-26,BOSTON,,15.0,16.0,15.5
2016-12-03,BOSTON,,15.0,16.0,15.5
2016-12-10,BOSTON,,15.0,16.0,15.5
2016-09-24,BOSTON,,175.0,180.0,177.5
2016-09-24,BOSTON,,170.0,180.0,175.0
2016-10-01,BOSTON,,175.0,180.0,177.5
2016-10-01,BOSTON,,200.0,200.0,200.0
2016-10-01,BOSTON,,170.0,180.0,175.0
2016-10-08,BOSTON,,175.0,180.0,177.5
2016-10-08,BOSTON,,200.0,200.0,200.0
2016-10-08,BOSTON,,170.0,180.0,175.0
2016-10-15,BOSTON,,175.0,180.0,177.5
2016-10-15,BOSTON,,190.0,200.0,195.0
2016-10-15,BOSTON,,170.0,180.0,175.0
2016-10-15,BOSTON,,175.0,175.0,175.0
2016-10-22,BOSTON,,170.0,180.0,175.0
2016-10-22,BOSTON,,150.0,175.0,162.5
2016-10-22,BOSTON,,175.0,200.0,187.5
2016-10-22,BOSTON,,170.0,180.0,175.0
2016-10-22,BOSTON,,175.0,175.0,175.0
2016-10-29,BOSTON,,170.0,180.0,175.0
2016-10-29,BOSTON,,150.0,175.0,162.5
2016-10-29,BOSTON,,175.0,200.0,187.5
2016-10-29,BOSTON,,170.0,180.0,175.0
2016-10-29,BOSTON,,175.0,175.0,175.0
2016-11-12,BOSTON,,135.0,150.0,142.5
2016-11-19,BOSTON,,135.0,150.0,142.5
2016-11-26,BOSTON,,135.0,150.0,142.5
2016-09-24,BOSTON,,170.0,220.0,195.0
2016-09-24,BOSTON,,250.0,300.0,275.0
2016-09-24,BOSTON,,200.0,220.0,210.0
2016-09-24,BOSTON,,260.0,280.0,270.0
2016-09-24,BOSTON,,180.0,225.0,202.5
2016-09-24,BOSTON,,180.0,225.0,202.5
2016-10-01,BOSTON,,170.0,220.0,195.0
2016-10-01,BOSTON,,250.0,300.0,275.0
2016-10-01,BOSTON,,200.0,220.0,210.0
2016-10-01,BOSTON,,250.0,280.0,265.0
2016-10-01,BOSTON,,180.0,225.0,202.5
2016-10-01,BOSTON,,180.0,225.0,202.5
2016-10-08,BOSTON,,170.0,220.0,195.0
2016-10-08,BOSTON,,250.0,300.0,275.0
2016-10-08,BOSTON,,200.0,220.0,210.0
2016-10-08,BOSTON,,250.0,280.0,265.0
2016-10-08,BOSTON,,180.0,225.0,202.5
2016-10-08,BOSTON,,180.0,225.0,202.5
2016-10-15,BOSTON,,170.0,220.0,195.0
2016-10-15,BOSTON,,250.0,300.0,275.0
2016-10-15,BOSTON,,200.0,220.0,210.0
2016-10-15,BOSTON,,250.0,280.0,265.0
2016-10-15,BOSTON,,180.0,225.0,202.5
2016-10-15,BOSTON,,180.0,225.0,202.5
2016-10-15,BOSTON,,220.0,220.0,220.0
2016-10-22,BOSTON,,170.0,220.0,195.0
2016-10-22,BOSTON,,250.0,300.0,275.0
2016-10-22,BOSTON,,200.0,240.0,220.0
2016-10-22,BOSTON,,250.0,280.0,265.0
2016-10-22,BOSTON,,180.0,225.0,202.5
2016-10-22,BOSTON,,175.0,225.0,200.0
2016-10-22,BOSTON,,200.0,220.0,210.0
2016-10-29,BOSTON,,170.0,220.0,195.0
2016-10-29,BOSTON,,250.0,300.0,275.0
2016-10-29,BOSTON,,200.0,240.0,220.0
2016-10-29,BOSTON,,250.0,280.0,265.0
2016-10-29,BOSTON,,180.0,225.0,202.5
2016-10-29,BOSTON,,175.0,225.0,200.0
2016-10-29,BOSTON,,200.0,220.0,210.0
2016-11-05,BOSTON,,240.0,300.0,270.0
2016-11-05,BOSTON,,190.0,240.0,215.0
2016-11-05,BOSTON,,240.0,240.0,240.0
2016-11-05,BOSTON,,190.0,190.0,190.0
2016-11-12,BOSTON,,200.0,240.0,220.0
2016-11-12,BOSTON,,200.0,240.0,220.0
2016-11-12,BOSTON,,200.0,240.0,220.0
2016-11-19,BOSTON,,200.0,220.0,210.0
2016-11-19,BOSTON,,200.0,220.0,210.0
2016-11-19,BOSTON,,200.0,220.0,210.0
2016-11-26,BOSTON,,200.0,220.0,210.0
2016-11-26,BOSTON,,200.0,220.0,210.0
2016-11-26,BOSTON,,200.0,220.0,210.0
2017-09-02,BOSTON,,300.0,300.0,300.0
2017-09-09,BOSTON,,300.0,300.0,300.0
2017-09-09,BOSTON,,200.0,200.0,200.0
2017-09-16,BOSTON,,270.0,300.0,285.0
2017-09-16,BOSTON,,270.0,300.0,285.0
2017-09-16,BOSTON,,270.0,300.0,285.0
2017-09-23,BOSTON,,270.0,300.0,285.0
2017-09-23,BOSTON,,270.0,300.0,285.0
2017-09-23,BOSTON,,270.0,300.0,285.0
2017-09-30,BOSTON,,270.0,300.0,285.0
2017-09-30,BOSTON,,270.0,300.0,285.0
2017-09-30,BOSTON,,270.0,300.0,285.0
2017-09-23,BOSTON,,20.0,24.0,22.0
2017-09-30,BOSTON,,20.0,24.0,22.0
2016-09-24,BOSTON,,260.0,285.0,272.5
2016-10-01,BOSTON,,260.0,285.0,272.5
2016-10-08,BOSTON,,260.0,285.0,272.5
2016-10-15,BOSTON,,260.0,285.0,272.5
2016-10-22,BOSTON,,260.0,285.0,272.5
2016-10-29,BOSTON,,260.0,285.0,272.5
2016-11-05,BOSTON,,260.0,285.0,272.5
2016-09-24,BOSTON,,260.0,285.0,272.5
2016-10-01,BOSTON,,260.0,285.0,272.5
2016-10-08,BOSTON,,260.0,285.0,272.5
2016-10-15,BOSTON,,260.0,285.0,272.5
2016-10-22,BOSTON,,260.0,285.0,272.5
2016-10-29,BOSTON,,260.0,285.0,272.5
2016-11-05,BOSTON,,260.0,285.0,272.5
2016-09-24,BOSTON,,260.0,285.0,272.5
2016-10-01,BOSTON,,260.0,285.0,272.5
2016-10-08,BOSTON,,260.0,285.0,272.5
2016-10-15,BOSTON,,260.0,285.0,272.5
2016-10-22,BOSTON,,260.0,285.0,272.5
2016-10-29,BOSTON,,260.0,285.0,272.5
2016-11-05,BOSTON,,260.0,285.0,272.5
2017-09-09,BOSTON,,175.0,175.0,175.0
2017-09-16,BOSTON,,200.0,225.0,212.5
2017-09-16,BOSTON,,175.0,200.0,187.5
2017-09-16,BOSTON,,175.0,200.0,187.5
2017-09-16,BOSTON,,175.0,200.0,187.5
2017-09-16,BOSTON,,175.0,200.0,187.5
2017-09-16,BOSTON,,200.0,225.0,212.5
2017-09-16,BOSTON,,175.0,200.0,187.5
2017-09-23,BOSTON,,200.0,225.0,212.5
2017-09-23,BOSTON,,175.0,200.0,187.5
2017-09-23,BOSTON,,175.0,200.0,187.5
2017-09-23,BOSTON,,175.0,200.0,187.5
2017-09-23,BOSTON,,175.0,200.0,187.5
2017-09-23,BOSTON,,200.0,225.0,212.5
2017-09-23,BOSTON,,175.0,200.0,187.5
2017-09-30,BOSTON,,200.0,225.0,212.5
2017-09-30,BOSTON,,175.0,200.0,187.5
2017-09-30,BOSTON,,175.0,200.0,187.5
2017-09-30,BOSTON,,175.0,200.0,187.5
2017-09-30,BOSTON,,175.0,200.0,187.5
2017-09-30,BOSTON,,200.0,225.0,212.5
2017-09-30,BOSTON,,175.0,200.0,187.5
2016-09-24,BOSTON,,15.0,18.0,16.5
2016-09-24,BOSTON,,15.0,18.0,16.5
2016-10-01,BOSTON,,15.0,18.0,16.5
2016-10-01,BOSTON,,15.0,18.0,16.5
2016-10-08,BOSTON,,15.0,18.0,16.5
2016-10-08,BOSTON,,15.0,18.0,16.5
2016-10-15,BOSTON,,15.0,18.0,16.5
2016-10-15,BOSTON,,15.0,18.0,16.5
2016-10-22,BOSTON,,15.0,18.0,16.5
2016-10-22,BOSTON,,15.0,18.0,16.5
2016-10-29,BOSTON,,15.0,18.0,16.5
2016-10-29,BOSTON,,15.0,18.0,16.5
2016-11-05,BOSTON,,15.0,18.0,16.5
2016-11-05,BOSTON,,15.0,18.0,16.5
2016-09-24,BOSTON,,15.0,18.0,16.5
2016-09-24,BOSTON,,15.0,18.0,16.5
2016-10-01,BOSTON,,15.0,18.0,16.5
2016-10-01,BOSTON,,15.0,18.0,16.5
2016-10-08,BOSTON,,15.0,18.0,16.5
2016-10-08,BOSTON,,15.0,18.0,16.5
2016-10-15,BOSTON,,15.0,18.0,16.5
2016-10-15,BOSTON,,15.0,18.0,16.5
2016-10-22,BOSTON,,15.0,18.0,16.5
2016-10-22,BOSTON,,15.0,18.0,16.5
2016-10-29,BOSTON,,15.0,18.0,16.5
2016-10-29,BOSTON,,15.0,18.0,16.5
2016-11-05,BOSTON,,15.0,18.0,16.5
2016-11-05,BOSTON,,15.0,18.0,16.5
2017-09-16,CHICAGO,,200.0,225.0,212.5
2017-09-16,CHICAGO,,200.0,220.0,210.0
2017-09-23,CHICAGO,,200.0,225.0,212.5
2017-09-23,CHICAGO,,200.0,220.0,210.0
2017-09-30,CHICAGO,,200.0,225.0,212.5
2017-09-30,CHICAGO,,200.0,220.0,210.0
2016-09-24,CHICAGO,,135.0,135.0,135.0
2016-09-24,CHICAGO,,130.0,130.0,130.0
2016-10-01,CHICAGO,,130.0,135.0,132.5
2016-10-01,CHICAGO,,130.0,130.0,130.0
2016-10-08,CHICAGO,,130.0,130.0,130.0
2016-10-08,CHICAGO,,130.0,130.0,130.0
2016-10-15,CHICAGO,,130.0,135.0,132.5
2016-10-15,CHICAGO,,130.0,130.0,130.0
2016-10-15,CHICAGO,,60.0,60.0,60.0
2016-10-22,CHICAGO,,130.0,135.0,132.5
2016-10-22,CHICAGO,,130.0,130.0,130.0
2016-10-22,CHICAGO,,60.0,60.0,60.0
2016-10-29,CHICAGO,,125.0,135.0,130.0
2016-10-29,CHICAGO,,130.0,130.0,130.0
2016-10-29,CHICAGO,,60.0,60.0,60.0
2016-11-05,CHICAGO,,125.0,130.0,127.5
2016-11-05,CHICAGO,,130.0,130.0,130.0
2016-11-05,CHICAGO,,60.0,60.0,60.0
2016-11-12,CHICAGO,,125.0,130.0,127.5
2016-11-12,CHICAGO,,120.0,130.0,125.0
2016-11-12,CHICAGO,,60.0,60.0,60.0
2016-11-19,CHICAGO,,125.0,130.0,127.5
2016-11-19,CHICAGO,,100.0,130.0,115.0
2016-11-19,CHICAGO,,60.0,60.0,60.0
2016-11-26,CHICAGO,,125.0,125.0,125.0
2016-11-26,CHICAGO,,100.0,125.0,112.5
2016-12-03,CHICAGO,,125.0,125.0,125.0
2016-12-03,CHICAGO,,100.0,125.0,112.5
2016-12-10,CHICAGO,,125.0,125.0,125.0
2016-12-10,CHICAGO,,100.0,125.0,112.5
2017-09-23,CHICAGO,,170.0,170.0,170.0
2017-09-30,CHICAGO,,170.0,170.0,170.0
2017-09-02,CHICAGO,,200.0,200.0,200.0
2017-09-09,CHICAGO,,200.0,200.0,200.0
2017-09-16,CHICAGO,,200.0,200.0,200.0
2017-09-23,CHICAGO,,200.0,200.0,200.0
2017-09-30,CHICAGO,,200.0,200.0,200.0
2016-09-24,CHICAGO,,150.0,150.0,150.0
2016-10-01,CHICAGO,,150.0,150.0,150.0
2016-10-08,CHICAGO,,150.0,150.0,150.0
2016-10-15,CHICAGO,,150.0,150.0,150.0
2016-10-22,CHICAGO,,150.0,150.0,150.0
2016-10-29,CHICAGO,,150.0,150.0,150.0
2016-11-05,CHICAGO,,150.0,150.0,150.0
2016-11-12,CHICAGO,,150.0,150.0,150.0
2016-09-24,CHICAGO,,200.0,200.0,200.0
2016-10-01,CHICAGO,,200.0,200.0,200.0
2016-10-08,CHICAGO,,200.0,200.0,200.0
2016-10-15,CHICAGO,,200.0,200.0,200.0
2016-10-22,CHICAGO,,200.0,200.0,200.0
2016-10-29,CHICAGO,,200.0,200.0,200.0
2016-11-05,CHICAGO,,200.0,200.0,200.0
2016-11-12,CHICAGO,,185.0,200.0,192.5
2016-11-19,CHICAGO,,185.0,185.0,185.0
2016-11-26,CHICAGO,,185.0,185.0,185.0
2016-12-03,CHICAGO,,185.0,185.0,185.0
2016-12-10,CHICAGO,,185.0,185.0,185.0
2016-12-10,CHICAGO,,185.0,185.0,185.0
2017-01-07,CHICAGO,,185.0,185.0,185.0
2017-01-14,CHICAGO,,185.0,185.0,185.0
2017-01-21,CHICAGO,,185.0,185.0,185.0
2017-01-28,CHICAGO,,185.0,185.0,185.0
2017-02-04,CHICAGO,,210.0,225.0,217.5
2017-02-11,CHICAGO,,210.0,225.0,217.5
2017-02-18,CHICAGO,,215.0,225.0,220.0
2017-02-25,CHICAGO,,210.0,215.0,212.5
2017-03-04,CHICAGO,,210.0,210.0,210.0
2017-03-11,CHICAGO,,210.0,210.0,210.0
2017-03-18,CHICAGO,,210.0,210.0,210.0
2017-03-25,CHICAGO,,210.0,210.0,210.0
2017-04-01,CHICAGO,,210.0,210.0,210.0
2017-04-08,CHICAGO,,210.0,210.0,210.0
2017-04-15,CHICAGO,,210.0,210.0,210.0
2017-04-22,CHICAGO,,210.0,210.0,210.0
2017-04-29,CHICAGO,,210.0,210.0,210.0
2017-05-06,CHICAGO,,210.0,225.0,217.5
2017-05-13,CHICAGO,,225.0,225.0,225.0
2017-05-20,CHICAGO,,225.0,225.0,225.0
2017-05-27,CHICAGO,,225.0,225.0,225.0
2017-06-03,CHICAGO,,225.0,225.0,225.0
2017-06-10,CHICAGO,,225.0,225.0,225.0
2017-06-17,CHICAGO,,225.0,225.0,225.0
2017-06-24,CHICAGO,,225.0,225.0,225.0
2017-07-01,CHICAGO,,225.0,255.0,240.0
2017-07-08,CHICAGO,,255.0,255.0,255.0
2017-07-15,CHICAGO,,255.0,255.0,255.0
2017-07-22,CHICAGO,,255.0,255.0,255.0
2017-07-29,CHICAGO,,255.0,255.0,255.0
2017-08-05,CHICAGO,,255.0,255.0,255.0
2017-08-12,CHICAGO,,255.0,255.0,255.0
2017-08-19,CHICAGO,,255.0,255.0,255.0
2017-08-26,CHICAGO,,255.0,255.0,255.0
2017-08-26,CHICAGO,,255.0,255.0,255.0
2017-08-26,CHICAGO,,200.0,200.0,200.0
2017-09-02,CHICAGO,,200.0,200.0,200.0
2017-09-09,CHICAGO,,200.0,200.0,200.0
2017-09-16,CHICAGO,,200.0,200.0,200.0
2017-09-23,CHICAGO,,200.0,200.0,200.0
2017-09-30,CHICAGO,,200.0,200.0,200.0
2016-09-24,CHICAGO,,17.0,17.0,17.0
2016-09-24,CHICAGO,,17.0,17.0,17.0
2016-09-24,CHICAGO,,17.0,18.0,17.5
2016-10-01,CHICAGO,,17.0,18.0,17.5
2016-10-01,CHICAGO,,17.0,18.0,17.5
2016-10-01,CHICAGO,,17.0,18.0,17.5
2016-10-08,CHICAGO,,17.0,18.0,17.5
2016-10-08,CHICAGO,,17.0,18.0,17.5
2016-10-08,CHICAGO,,17.0,18.0,17.5
2016-10-15,CHICAGO,,17.0,18.0,17.5
2016-10-15,CHICAGO,,17.0,18.0,17.5
2016-10-15,CHICAGO,,17.0,18.0,17.5
2016-10-22,CHICAGO,,17.0,17.0,17.0
2016-10-22,CHICAGO,,17.0,17.0,17.0
2016-10-22,CHICAGO,,17.0,17.0,17.0
2016-10-29,CHICAGO,,17.0,17.0,17.0
2016-10-29,CHICAGO,,17.0,17.0,17.0
2016-10-29,CHICAGO,,17.0,17.0,17.0
2016-11-05,CHICAGO,,17.0,17.0,17.0
2016-11-05,CHICAGO,,17.0,17.0,17.0
2016-11-05,CHICAGO,,17.0,17.0,17.0
2016-11-12,CHICAGO,,17.0,17.0,17.0
2016-11-12,CHICAGO,,17.0,17.0,17.0
2016-11-12,CHICAGO,,17.0,17.0,17.0
2016-11-19,CHICAGO,,17.0,17.0,17.0
2016-11-19,CHICAGO,,17.0,17.0,17.0
2016-11-19,CHICAGO,,17.0,17.0,17.0
2016-11-26,CHICAGO,,17.0,17.0,17.0
2016-11-26,CHICAGO,,17.0,17.0,17.0
2016-12-03,CHICAGO,,17.0,17.0,17.0
2016-12-03,CHICAGO,,17.0,17.0,17.0
2016-12-10,CHICAGO,,17.0,17.0,17.0
2016-12-10,CHICAGO,,17.0,17.0,17.0
2017-08-26,CHICAGO,,20.0,20.0,20.0
2017-09-02,CHICAGO,,20.0,20.0,20.0
2017-09-02,CHICAGO,,18.0,18.0,18.0
2017-09-09,CHICAGO,,20.0,20.0,20.0
2017-09-09,CHICAGO,,18.0,18.0,18.0
2017-09-16,CHICAGO,,18.0,20.0,19.0
2017-09-16,CHICAGO,,17.0,19.0,18.0
2017-09-23,CHICAGO,,18.0,20.0,19.0
2017-09-23,CHICAGO,,17.0,19.0,18.0
2017-09-30,CHICAGO,,18.0,20.0,19.0
2017-09-30,CHICAGO,,17.0,19.0,18.0
2016-10-08,CHICAGO,Organic,22.5,22.5,22.5
2016-10-15,CHICAGO,Organic,22.5,22.5,22.5
2016-10-22,CHICAGO,Organic,22.5,22.5,22.5
2016-10-29,CHICAGO,Organic,22.5,22.5,22.5
2016-11-05,CHICAGO,Organic,22.5,22.5,22.5
2016-11-12,CHICAGO,Organic,22.5,22.5,22.5
2016-11-19,CHICAGO,Organic,22.5,22.5,22.5
2016-11-26,CHICAGO,Organic,22.5,22.5,22.5
2016-12-03,CHICAGO,Organic,22.5,22.5,22.5
2016-09-24,CHICAGO,,200.0,200.0,200.0
2016-10-01,CHICAGO,,200.0,200.0,200.0
2016-10-08,CHICAGO,,200.0,200.0,200.0
2016-10-15,CHICAGO,,200.0,220.0,210.0
2016-10-15,CHICAGO,,180.0,180.0,180.0
2016-10-22,CHICAGO,,200.0,220.0,210.0
2016-10-22,CHICAGO,,180.0,180.0,180.0
2016-10-29,CHICAGO,,200.0,200.0,200.0
2016-10-29,CHICAGO,,180.0,180.0,180.0
2016-11-05,CHICAGO,,200.0,200.0,200.0
2016-11-05,CHICAGO,,180.0,180.0,180.0
2016-11-12,CHICAGO,,200.0,200.0,200.0
2016-11-12,CHICAGO,,180.0,180.0,180.0
2016-11-19,CHICAGO,,200.0,200.0,200.0
2016-11-19,CHICAGO,,180.0,180.0,180.0
2016-11-26,CHICAGO,,200.0,200.0,200.0
2016-12-03,CHICAGO,,200.0,200.0,200.0
2016-12-10,CHICAGO,,200.0,200.0,200.0
2017-09-02,CHICAGO,,200.0,200.0,200.0
2017-09-09,CHICAGO,,200.0,200.0,200.0
2017-09-16,CHICAGO,,200.0,215.0,207.5
2017-09-16,CHICAGO,,200.0,215.0,207.5
2017-09-16,CHICAGO,,200.0,215.0,207.5
2017-09-23,CHICAGO,,200.0,215.0,207.5
2017-09-23,CHICAGO,,200.0,215.0,207.5
2017-09-23,CHICAGO,,200.0,215.0,207.5
2017-09-23,CHICAGO,,175.0,175.0,175.0
2017-09-30,CHICAGO,,200.0,200.0,200.0
2017-09-30,CHICAGO,,200.0,215.0,207.5
2017-09-30,CHICAGO,,200.0,215.0,207.5
2017-09-30,CHICAGO,,175.0,175.0,175.0
2016-09-24,CHICAGO,,225.0,225.0,225.0
2016-10-01,CHICAGO,,175.0,225.0,200.0
2016-10-08,CHICAGO,,175.0,175.0,175.0
2016-10-15,CHICAGO,,175.0,175.0,175.0
2016-10-22,CHICAGO,,175.0,175.0,175.0
2016-10-29,CHICAGO,,175.0,175.0,175.0
2016-11-05,CHICAGO,,175.0,175.0,175.0
2016-11-12,CHICAGO,,175.0,175.0,175.0
2016-11-19,CHICAGO,,175.0,175.0,175.0
2017-09-16,CHICAGO,,19.0,19.0,19.0
2017-09-16,CHICAGO,,18.0,20.0,19.0
2017-09-16,CHICAGO,,17.0,19.0,18.0
2017-09-23,CHICAGO,,19.0,19.0,19.0
2017-09-23,CHICAGO,,18.0,20.0,19.0
2017-09-23,CHICAGO,,17.0,19.0,18.0
2017-09-30,CHICAGO,,19.0,19.0,19.0
2017-09-30,CHICAGO,,18.0,20.0,19.0
2017-09-30,CHICAGO,,17.0,19.0,18.0
2016-09-24,CHICAGO,,17.0,17.0,17.0
2016-09-24,CHICAGO,,17.0,17.0,17.0
2016-09-24,CHICAGO,,17.0,17.0,17.0
2016-09-24,CHICAGO,,17.0,18.0,17.5
2016-09-24,CHICAGO,,17.0,18.0,17.5
2016-10-01,CHICAGO,,17.0,18.0,17.5
2016-10-01,CHICAGO,,17.0,18.0,17.5
2016-10-01,CHICAGO,,17.0,18.0,17.5
2016-10-01,CHICAGO,,17.0,18.0,17.5
2016-10-08,CHICAGO,,17.0,18.0,17.5
2016-10-08,CHICAGO,,17.0,18.0,17.5
2016-10-08,CHICAGO,,17.0,18.0,17.5
2016-10-08,CHICAGO,,17.0,18.0,17.5
2016-10-15,CHICAGO,,17.0,18.0,17.5
2016-10-15,CHICAGO,,17.0,18.0,17.5
2016-10-15,CHICAGO,,17.0,18.0,17.5
2016-10-15,CHICAGO,,17.0,18.0,17.5
2016-10-22,CHICAGO,,17.0,17.0,17.0
2016-10-22,CHICAGO,,17.0,17.0,17.0
2016-10-22,CHICAGO,,17.0,17.0,17.0
2016-10-22,CHICAGO,,17.0,17.0,17.0
2016-10-29,CHICAGO,,17.0,17.0,17.0
2016-10-29,CHICAGO,,17.0,17.0,17.0
2016-10-29,CHICAGO,,17.0,17.0,17.0
2016-10-29,CHICAGO,,17.0,17.0,17.0
2016-11-05,CHICAGO,,17.0,17.0,17.0
2016-11-05,CHICAGO,,17.0,17.0,17.0
2016-11-05,CHICAGO,,17.0,17.0,17.0
2016-11-05,CHICAGO,,17.0,17.0,17.0
2016-11-12,CHICAGO,,17.0,17.0,17.0
2016-11-12,CHICAGO,,17.0,17.0,17.0
2016-11-12,CHICAGO,,17.0,18.0,17.5
2016-11-12,CHICAGO,,17.0,17.0,17.0
2016-11-19,CHICAGO,,17.0,17.0,17.0
2016-11-19,CHICAGO,,17.0,17.0,17.0
2016-11-19,CHICAGO,,17.0,17.0,17.0
2016-11-19,CHICAGO,,17.0,18.0,17.5
2017-09-09,CHICAGO,,19.0,19.0,19.0
2017-09-16,CHICAGO,,17.0,19.0,18.0
2017-09-23,CHICAGO,,17.0,19.0,18.0
2017-09-30,CHICAGO,,17.0,19.0,18.0
2016-10-15,COLUMBIA,,120.0,120.0,120.0
2016-10-22,COLUMBIA,,120.0,120.0,120.0
2016-10-29,COLUMBIA,,120.0,120.0,120.0
2016-09-24,COLUMBIA,,150.0,150.0,150.0
2016-09-24,COLUMBIA,,160.0,160.0,160.0
2016-09-24,COLUMBIA,,140.0,150.0,145.0
2016-09-24,COLUMBIA,,140.0,140.0,140.0
2016-09-24,COLUMBIA,,200.0,200.0,200.0
2016-09-24,COLUMBIA,,175.0,175.0,175.0
2016-09-24,COLUMBIA,,150.0,150.0,150.0
2016-09-24,COLUMBIA,,150.0,150.0,150.0
2016-09-24,COLUMBIA,,140.0,140.0,140.0
2016-09-24,COLUMBIA,,140.0,140.0,140.0
2016-10-01,COLUMBIA,,150.0,150.0,150.0
2016-10-01,COLUMBIA,,160.0,160.0,160.0
2016-10-01,COLUMBIA,,140.0,150.0,145.0
2016-10-01,COLUMBIA,,140.0,140.0,140.0
2016-10-01,COLUMBIA,,200.0,200.0,200.0
2016-10-01,COLUMBIA,,165.0,165.0,165.0
2016-10-01,COLUMBIA,,150.0,150.0,150.0
2016-10-01,COLUMBIA,,150.0,150.0,150.0
2016-10-01,COLUMBIA,,125.0,125.0,125.0
2016-10-01,COLUMBIA,,140.0,140.0,140.0
2016-10-01,COLUMBIA,,140.0,140.0,140.0
2016-10-08,COLUMBIA,,150.0,150.0,150.0
2016-10-08,COLUMBIA,,160.0,160.0,160.0
2016-10-08,COLUMBIA,,140.0,150.0,145.0
2016-10-08,COLUMBIA,,140.0,140.0,140.0
2016-10-08,COLUMBIA,,200.0,200.0,200.0
2016-10-08,COLUMBIA,,165.0,165.0,165.0
2016-10-08,COLUMBIA,,150.0,150.0,150.0
2016-10-08,COLUMBIA,,150.0,150.0,150.0
2016-10-08,COLUMBIA,,125.0,125.0,125.0
2016-10-08,COLUMBIA,,140.0,140.0,140.0
2016-10-08,COLUMBIA,,140.0,140.0,140.0
2016-10-15,COLUMBIA,,150.0,150.0,150.0
2016-10-15,COLUMBIA,,160.0,160.0,160.0
2016-10-15,COLUMBIA,,140.0,150.0,145.0
2016-10-15,COLUMBIA,,140.0,140.0,140.0
2016-10-15,COLUMBIA,,200.0,200.0,200.0
2016-10-15,COLUMBIA,,165.0,190.0,177.5
2016-10-15,COLUMBIA,,150.0,150.0,150.0
2016-10-15,COLUMBIA,,150.0,150.0,150.0
2016-10-15,COLUMBIA,,125.0,125.0,125.0
2016-10-15,COLUMBIA,,140.0,140.0,140.0
2016-10-15,COLUMBIA,,140.0,140.0,140.0
2016-10-22,COLUMBIA,,150.0,150.0,150.0
2016-10-22,COLUMBIA,,160.0,160.0,160.0
2016-10-22,COLUMBIA,,140.0,150.0,145.0
2016-10-22,COLUMBIA,,140.0,140.0,140.0
2016-10-22,COLUMBIA,,200.0,200.0,200.0
2016-10-22,COLUMBIA,,190.0,190.0,190.0
2016-10-22,COLUMBIA,,150.0,150.0,150.0
2016-10-22,COLUMBIA,,150.0,150.0,150.0
2016-10-22,COLUMBIA,,125.0,125.0,125.0
2016-10-22,COLUMBIA,,140.0,140.0,140.0
2016-10-22,COLUMBIA,,140.0,140.0,140.0
2016-10-29,COLUMBIA,,150.0,150.0,150.0
2016-10-29,COLUMBIA,,160.0,160.0,160.0
2016-10-29,COLUMBIA,,140.0,150.0,145.0
2016-10-29,COLUMBIA,,140.0,140.0,140.0
2016-10-29,COLUMBIA,,200.0,200.0,200.0
2016-10-29,COLUMBIA,,190.0,190.0,190.0
2016-10-29,COLUMBIA,,150.0,150.0,150.0
2016-10-29,COLUMBIA,,150.0,150.0,150.0
2016-10-29,COLUMBIA,,125.0,125.0,125.0
2016-10-29,COLUMBIA,,140.0,140.0,140.0
2016-10-29,COLUMBIA,,140.0,140.0,140.0
2017-09-16,COLUMBIA,,150.0,150.0,150.0
2017-09-16,COLUMBIA,,150.0,150.0,150.0
2017-09-16,COLUMBIA,,150.0,150.0,150.0
2017-09-16,COLUMBIA,,160.0,160.0,160.0
2017-09-16,COLUMBIA,,150.0,160.0,155.0
2017-09-16,COLUMBIA,,150.0,150.0,150.0
2017-09-16,COLUMBIA,,130.0,130.0,130.0
2017-09-23,COLUMBIA,,150.0,150.0,150.0
2017-09-23,COLUMBIA,,150.0,150.0,150.0
2017-09-23,COLUMBIA,,150.0,150.0,150.0
2017-09-23,COLUMBIA,,150.0,150.0,150.0
2017-09-23,COLUMBIA,,160.0,160.0,160.0
2017-09-23,COLUMBIA,,150.0,150.0,150.0
2017-09-23,COLUMBIA,,150.0,150.0,150.0
2017-09-23,COLUMBIA,,130.0,130.0,130.0
2017-09-30,COLUMBIA,,150.0,150.0,150.0
2017-09-30,COLUMBIA,,150.0,150.0,150.0
2017-09-30,COLUMBIA,,150.0,150.0,150.0
2017-09-30,COLUMBIA,,150.0,150.0,150.0
2017-09-30,COLUMBIA,,160.0,160.0,160.0
2017-09-30,COLUMBIA,,150.0,150.0,150.0
2017-09-30,COLUMBIA,,150.0,150.0,150.0
2017-09-30,COLUMBIA,,130.0,130.0,130.0
2017-09-02,COLUMBIA,,200.0,200.0,200.0
2017-09-09,COLUMBIA,,200.0,200.0,200.0
2017-09-16,COLUMBIA,,200.0,200.0,200.0
2017-09-16,COLUMBIA,,200.0,200.0,200.0
2017-09-23,COLUMBIA,,200.0,200.0,200.0
2017-09-23,COLUMBIA,,200.0,200.0,200.0
2017-09-30,COLUMBIA,,200.0,200.0,200.0
2017-09-30,COLUMBIA,,200.0,200.0,200.0
2016-09-24,COLUMBIA,,170.0,170.0,170.0
2016-10-01,COLUMBIA,,170.0,170.0,170.0
2016-10-01,COLUMBIA,,175.0,175.0,175.0
2016-10-08,COLUMBIA,,170.0,170.0,170.0
2016-10-08,COLUMBIA,,175.0,175.0,175.0
2016-10-15,COLUMBIA,,170.0,170.0,170.0
2016-10-15,COLUMBIA,,175.0,175.0,175.0
2016-10-22,COLUMBIA,,170.0,170.0,170.0
2016-10-22,COLUMBIA,,175.0,175.0,175.0
2016-10-29,COLUMBIA,,170.0,170.0,170.0
2016-10-29,COLUMBIA,,175.0,175.0,175.0
2017-09-02,COLUMBIA,,160.0,160.0,160.0
2017-09-09,COLUMBIA,,160.0,160.0,160.0
2017-09-16,COLUMBIA,,160.0,175.0,167.5
2017-09-23,COLUMBIA,,175.0,175.0,175.0
2017-09-30,COLUMBIA,,175.0,175.0,175.0
2016-09-24,COLUMBIA,,170.0,170.0,170.0
2016-10-01,COLUMBIA,,170.0,170.0,170.0
2016-10-01,COLUMBIA,,175.0,175.0,175.0
2016-10-08,COLUMBIA,,170.0,170.0,170.0
2016-10-08,COLUMBIA,,175.0,175.0,175.0
2016-10-15,COLUMBIA,,170.0,170.0,170.0
2016-10-15,COLUMBIA,,175.0,175.0,175.0
2016-10-22,COLUMBIA,,170.0,170.0,170.0
2016-10-22,COLUMBIA,,175.0,175.0,175.0
2016-10-29,COLUMBIA,,170.0,170.0,170.0
2016-10-29,COLUMBIA,,175.0,175.0,175.0
2017-09-30,COLUMBIA,,20.0,20.0,20.0
2016-09-24,COLUMBIA,,250.0,250.0,250.0
2016-09-24,COLUMBIA,,200.0,200.0,200.0
2016-10-01,COLUMBIA,,250.0,250.0,250.0
2016-10-01,COLUMBIA,,225.0,225.0,225.0
2016-10-01,COLUMBIA,,185.0,185.0,185.0
2016-10-01,COLUMBIA,,250.0,250.0,250.0
2016-10-01,COLUMBIA,,200.0,200.0,200.0
2016-10-08,COLUMBIA,,250.0,250.0,250.0
2016-10-08,COLUMBIA,,225.0,225.0,225.0
2016-10-08,COLUMBIA,,185.0,185.0,185.0
2016-10-08,COLUMBIA,,250.0,250.0,250.0
2016-10-08,COLUMBIA,,200.0,200.0,200.0
2016-10-15,COLUMBIA,,250.0,250.0,250.0
2016-10-15,COLUMBIA,,185.0,185.0,185.0
2016-10-15,COLUMBIA,,225.0,225.0,225.0
2016-10-15,COLUMBIA,,250.0,250.0,250.0
2016-10-15,COLUMBIA,,200.0,200.0,200.0
2016-10-22,COLUMBIA,,250.0,250.0,250.0
2016-10-22,COLUMBIA,,225.0,225.0,225.0
2016-10-22,COLUMBIA,,185.0,185.0,185.0
2016-10-22,COLUMBIA,,250.0,250.0,250.0
2016-10-22,COLUMBIA,,200.0,200.0,200.0
2016-10-29,COLUMBIA,,250.0,250.0,250.0
2016-10-29,COLUMBIA,,185.0,185.0,185.0
2016-10-29,COLUMBIA,,225.0,225.0,225.0
2016-10-29,COLUMBIA,,250.0,250.0,250.0
2016-10-29,COLUMBIA,,200.0,200.0,200.0
2017-09-02,COLUMBIA,,200.0,200.0,200.0
2017-09-09,COLUMBIA,,200.0,200.0,200.0
2017-09-16,COLUMBIA,,200.0,200.0,200.0
2017-09-16,COLUMBIA,,200.0,200.0,200.0
2017-09-23,COLUMBIA,,200.0,200.0,200.0
2017-09-23,COLUMBIA,,200.0,200.0,200.0
2017-09-30,COLUMBIA,,200.0,200.0,200.0
2017-09-30,COLUMBIA,,200.0,200.0,200.0
2016-10-01,COLUMBIA,,200.0,200.0,200.0
2016-10-08,COLUMBIA,,200.0,200.0,200.0
2016-10-15,COLUMBIA,,200.0,200.0,200.0
2016-10-22,COLUMBIA,,200.0,200.0,200.0
2016-10-29,COLUMBIA,,200.0,200.0,200.0
2016-09-24,COLUMBIA,,19.0,19.0,19.0
2016-10-01,COLUMBIA,,19.0,19.0,19.0
2016-10-08,COLUMBIA,,19.0,19.0,19.0
2016-10-15,COLUMBIA,,19.0,19.0,19.0
2016-10-22,COLUMBIA,,19.0,19.0,19.0
2016-10-29,COLUMBIA,,19.0,19.0,19.0
2016-11-05,COLUMBIA,,19.0,19.0,19.0
2017-09-23,COLUMBIA,,20.0,20.0,20.0
2016-09-24,COLUMBIA,,200.0,200.0,200.0
2016-10-01,COLUMBIA,,200.0,200.0,200.0
2016-10-01,COLUMBIA,,200.0,200.0,200.0
2016-10-08,COLUMBIA,,200.0,200.0,200.0
2016-10-08,COLUMBIA,,200.0,200.0,200.0
2016-10-15,COLUMBIA,,200.0,200.0,200.0
2016-10-15,COLUMBIA,,200.0,200.0,200.0
2016-10-22,COLUMBIA,,200.0,200.0,200.0
2016-10-22,COLUMBIA,,200.0,200.0,200.0
2016-10-29,COLUMBIA,,200.0,200.0,200.0
2016-10-29,COLUMBIA,,200.0,200.0,200.0
2016-09-24,COLUMBIA,,170.0,170.0,170.0
2016-10-01,COLUMBIA,,170.0,170.0,170.0
2016-10-01,COLUMBIA,,125.0,125.0,125.0
2016-10-08,COLUMBIA,,170.0,170.0,170.0
2016-10-08,COLUMBIA,,125.0,125.0,125.0
2016-10-15,COLUMBIA,,170.0,170.0,170.0
2016-10-15,COLUMBIA,,125.0,125.0,125.0
2016-10-22,COLUMBIA,,170.0,170.0,170.0
2016-10-22,COLUMBIA,,125.0,125.0,125.0
2016-10-29,COLUMBIA,,170.0,170.0,170.0
2016-10-29,COLUMBIA,,125.0,125.0,125.0
2016-09-24,COLUMBIA,,200.0,200.0,200.0
2016-10-01,COLUMBIA,,200.0,200.0,200.0
2016-10-08,COLUMBIA,,200.0,200.0,200.0
2016-10-15,COLUMBIA,,200.0,200.0,200.0
2016-10-22,COLUMBIA,,200.0,200.0,200.0
2016-10-29,COLUMBIA,,200.0,200.0,200.0
2017-09-16,COLUMBIA,,200.0,200.0,200.0
2017-09-16,COLUMBIA,,200.0,200.0,200.0
2017-09-23,COLUMBIA,,200.0,200.0,200.0
2017-09-23,COLUMBIA,,200.0,200.0,200.0
2017-09-30,COLUMBIA,,200.0,200.0,200.0
2017-09-30,COLUMBIA,,200.0,200.0,200.0
2016-09-24,COLUMBIA,,18.0,18.0,18.0
2016-09-24,COLUMBIA,,18.0,18.0,18.0
2016-09-24,COLUMBIA,,18.0,18.0,18.0
2016-10-01,COLUMBIA,,18.0,18.0,18.0
2016-10-01,COLUMBIA,,18.0,18.0,18.0
2016-10-01,COLUMBIA,,18.0,18.0,18.0
2016-10-08,COLUMBIA,,18.0,18.0,18.0
2016-10-08,COLUMBIA,,18.0,18.0,18.0
2016-10-08,COLUMBIA,,18.0,18.0,18.0
2016-10-15,COLUMBIA,,18.0,18.0,18.0
2016-10-15,COLUMBIA,,18.0,18.0,18.0
2016-10-15,COLUMBIA,,18.0,18.0,18.0
2016-10-22,COLUMBIA,,18.0,18.0,18.0
2016-10-22,COLUMBIA,,18.0,18.0,18.0
2016-10-22,COLUMBIA,,18.0,18.0,18.0
2016-10-29,COLUMBIA,,18.0,18.0,18.0
2016-10-29,COLUMBIA,,18.0,18.0,18.0
2016-10-29,COLUMBIA,,18.0,18.0,18.0
2017-09-02,COLUMBIA,,17.0,17.0,17.0
2017-09-02,COLUMBIA,,17.0,17.0,17.0
2017-09-02,COLUMBIA,,17.0,17.0,17.0
2017-09-09,COLUMBIA,,17.0,17.0,17.0
2017-09-09,COLUMBIA,,17.0,17.0,17.0
2017-09-09,COLUMBIA,,17.0,17.0,17.0
2017-09-16,COLUMBIA,,15.0,15.0,15.0
2017-09-16,COLUMBIA,,15.0,15.0,15.0
2017-09-16,COLUMBIA,,15.0,15.0,15.0
2017-09-23,COLUMBIA,,15.0,15.0,15.0
2017-09-23,COLUMBIA,,15.0,15.0,15.0
2017-09-23,COLUMBIA,,15.0,15.0,15.0
2017-09-30,COLUMBIA,,21.0,21.0,21.0
2017-09-30,COLUMBIA,,15.0,15.0,15.0
2017-09-30,COLUMBIA,,15.0,15.0,15.0
2017-09-30,COLUMBIA,,15.0,15.0,15.0
2017-09-16,COLUMBIA,,400.0,400.0,400.0
2017-09-23,COLUMBIA,,400.0,400.0,400.0
2017-09-30,COLUMBIA,,400.0,400.0,400.0
2016-09-24,COLUMBIA,,28.0,28.0,28.0
2016-09-24,COLUMBIA,,28.0,28.0,28.0
2016-10-01,COLUMBIA,,30.0,30.0,30.0
2016-10-01,COLUMBIA,,28.0,28.0,28.0
2016-10-01,COLUMBIA,,28.0,28.0,28.0
2016-10-08,COLUMBIA,,30.0,30.0,30.0
2016-10-08,COLUMBIA,,28.0,28.0,28.0
2016-10-08,COLUMBIA,,28.0,28.0,28.0
2016-10-15,COLUMBIA,,30.0,30.0,30.0
2016-10-15,COLUMBIA,,28.0,28.0,28.0
2016-10-15,COLUMBIA,,28.0,28.0,28.0
2016-10-22,COLUMBIA,,30.0,30.0,30.0
2016-10-22,COLUMBIA,,28.0,28.0,28.0
2016-10-22,COLUMBIA,,28.0,28.0,28.0
2016-10-29,COLUMBIA,,30.0,30.0,30.0
2016-10-29,COLUMBIA,,28.0,28.0,28.0
2016-10-29,COLUMBIA,,28.0,28.0,28.0
2016-09-24,LOS ANGELES,,120.0,130.0,125.0
2016-09-24,LOS ANGELES,,120.0,130.0,125.0
2016-10-01,LOS ANGELES,,120.0,130.0,125.0
2016-10-01,LOS ANGELES,,120.0,130.0,125.0
2016-10-08,LOS ANGELES,,120.0,130.0,125.0
2016-10-08,LOS ANGELES,,120.0,130.0,125.0
2016-10-15,LOS ANGELES,,120.0,130.0,125.0
2016-10-15,LOS ANGELES,,120.0,130.0,125.0
2016-10-22,LOS ANGELES,,120.0,130.0,125.0
2016-10-22,LOS ANGELES,,120.0,130.0,125.0
2016-10-29,LOS ANGELES,,85.0,130.0,107.5
2016-10-29,LOS ANGELES,,85.0,130.0,107.5
2016-11-05,LOS ANGELES,,80.0,90.0,85.0
2016-11-05,LOS ANGELES,,80.0,90.0,85.0
2017-09-16,LOS ANGELES,,120.0,120.0,120.0
2017-09-23,LOS ANGELES,,120.0,120.0,120.0
2017-09-30,LOS ANGELES,,120.0,125.0,122.5
2017-09-30,LOS ANGELES,,160.0,180.0,170.0
2017-09-30,LOS ANGELES,,235.0,235.0,235.0
2017-09-30,LOS ANGELES,,275.0,375.0,325.0
2016-09-24,LOS ANGELES,,125.0,150.0,137.5
2017-09-09,LOS ANGELES,,0.5,0.5,0.5
2017-09-16,LOS ANGELES,,0.5,0.5,0.5
2017-09-23,LOS ANGELES,,0.5,0.5,0.5
2017-09-30,LOS ANGELES,,250.0,250.0,250.0
2017-09-30,LOS ANGELES,,0.5,0.5,0.5
2017-08-19,LOS ANGELES,,0.3,0.3,0.3
2017-08-26,LOS ANGELES,,0.3,0.3,0.3
2017-09-02,LOS ANGELES,,0.3,0.3,0.3
2017-09-09,LOS ANGELES,,0.3,0.3,0.3
2017-09-09,LOS ANGELES,,0.3,0.3,0.3
2017-09-16,LOS ANGELES,,0.3,0.3,0.3
2017-09-23,LOS ANGELES,,0.3,0.3,0.3
2017-09-30,LOS ANGELES,,0.3,0.3,0.3
2017-09-30,LOS ANGELES,,250.0,250.0,250.0
2016-09-24,LOS ANGELES,,0.24,0.24,0.24
2016-10-01,LOS ANGELES,,0.24,0.24,0.24
2016-10-08,LOS ANGELES,,0.24,0.24,0.24
2016-10-15,LOS ANGELES,,0.24,0.24,0.24
2016-10-22,LOS ANGELES,,0.24,0.24,0.24
2016-10-29,LOS ANGELES,,0.24,0.24,0.24
2017-09-30,LOS ANGELES,,250.0,250.0,250.0
2017-09-16,LOS ANGELES,,30.0,30.0,30.0
2017-09-23,LOS ANGELES,,30.0,30.0,30.0
2017-09-30,LOS ANGELES,,30.0,30.0,30.0
2017-09-30,LOS ANGELES,,0.5,0.85,0.675
2016-10-01,LOS ANGELES,,250.0,250.0,250.0
2016-10-01,LOS ANGELES,,0.55,0.55,0.55
2016-10-08,LOS ANGELES,,250.0,250.0,250.0
2016-10-08,LOS ANGELES,,0.55,0.55,0.55
2016-10-15,LOS ANGELES,,250.0,250.0,250.0
2016-10-15,LOS ANGELES,,0.55,0.55,0.55
2016-10-22,LOS ANGELES,,250.0,250.0,250.0
2016-10-22,LOS ANGELES,,0.55,0.55,0.55
2016-10-29,LOS ANGELES,,250.0,250.0,250.0
2016-10-29,LOS ANGELES,,0.55,0.55,0.55
2017-09-16,LOS ANGELES,,24.5,24.5,24.5
2017-09-16,LOS ANGELES,,24.5,24.5,24.5
2017-09-23,LOS ANGELES,,24.5,24.5,24.5
2017-09-23,LOS ANGELES,,24.5,24.5,24.5
2017-09-30,LOS ANGELES,,24.5,24.5,24.5
2017-09-30,LOS ANGELES,,24.5,24.5,24.5
2016-09-24,NEW YORK,,150.0,170.0,160.0
2016-09-24,NEW YORK,,150.0,170.0,160.0
2016-09-24,NEW YORK,,130.0,150.0,140.0
2016-09-24,NEW YORK,,130.0,150.0,140.0
2016-09-24,NEW YORK,,120.0,140.0,130.0
2016-09-24,NEW YORK,,150.0,170.0,160.0
2016-09-24,NEW YORK,,120.0,170.0,145.0
2016-09-24,NEW YORK,,180.0,190.0,185.0
2016-10-01,NEW YORK,,150.0,170.0,160.0
2016-10-01,NEW YORK,,150.0,170.0,160.0
2016-10-01,NEW YORK,,140.0,140.0,140.0
2016-10-01,NEW YORK,,140.0,140.0,140.0
2016-10-01,NEW YORK,,150.0,170.0,160.0
2016-10-01,NEW YORK,,160.0,170.0,165.0
2016-10-08,NEW YORK,,160.0,180.0,170.0
2016-10-08,NEW YORK,,175.0,175.0,175.0
2016-10-08,NEW YORK,,140.0,150.0,145.0
2016-10-08,NEW YORK,,160.0,160.0,160.0
2016-10-08,NEW YORK,,120.0,140.0,130.0
2016-10-15,NEW YORK,,120.0,130.0,125.0
2016-10-15,NEW YORK,,160.0,160.0,160.0
2016-10-22,NEW YORK,,120.0,130.0,125.0
2016-10-22,NEW YORK,,160.0,160.0,160.0
2016-10-29,NEW YORK,,120.0,130.0,125.0
2016-10-29,NEW YORK,,130.0,130.0,130.0
2016-11-05,NEW YORK,,100.0,150.0,125.0
2017-09-16,NEW YORK,,140.0,150.0,145.0
2017-09-16,NEW YORK,,140.0,160.0,150.0
2017-09-16,NEW YORK,,150.0,150.0,150.0
2017-09-16,NEW YORK,,160.0,180.0,170.0
2017-09-16,NEW YORK,,160.0,180.0,170.0
2017-09-23,NEW YORK,,140.0,150.0,145.0
2017-09-23,NEW YORK,,150.0,150.0,150.0
2017-09-23,NEW YORK,,160.0,180.0,170.0
2017-09-23,NEW YORK,,160.0,180.0,170.0
2017-09-30,NEW YORK,,130.0,150.0,140.0
2017-09-30,NEW YORK,,150.0,150.0,150.0
2017-09-30,NEW YORK,,140.0,180.0,160.0
2017-09-30,NEW YORK,,140.0,180.0,160.0
2016-09-24,NEW YORK,,16.0,18.0,17.0
2016-10-01,NEW YORK,,16.0,18.0,17.0
2016-10-08,NEW YORK,,16.0,18.0,17.0
2016-10-15,NEW YORK,,16.0,18.0,17.0
2016-10-22,NEW YORK,,16.0,18.0,17.0
2016-10-29,NEW YORK,,16.0,18.0,17.0
2016-11-05,NEW YORK,,16.0,18.0,17.0
2016-09-24,NEW YORK,,130.0,150.0,140.0
2016-10-01,NEW YORK,,130.0,140.0,135.0
2016-10-08,NEW YORK,,120.0,140.0,130.0
2016-10-08,NEW YORK,,180.0,200.0,190.0
2016-10-08,NEW YORK,,180.0,200.0,190.0
2016-10-15,NEW YORK,,120.0,130.0,125.0
2016-10-15,NEW YORK,,130.0,130.0,130.0
2016-10-22,NEW YORK,,120.0,130.0,125.0
2016-10-22,NEW YORK,,130.0,130.0,130.0
2016-10-29,NEW YORK,,120.0,130.0,125.0
2016-10-29,NEW YORK,,130.0,130.0,130.0
2017-09-09,NEW YORK,,250.0,250.0,250.0
2017-09-16,NEW YORK,,135.0,140.0,137.5
2017-09-16,NEW YORK,,180.0,200.0,190.0
2017-09-16,NEW YORK,,120.0,150.0,135.0
2017-09-16,NEW YORK,,140.0,140.0,140.0
2017-09-23,NEW YORK,,120.0,140.0,130.0
2017-09-23,NEW YORK,,140.0,140.0,140.0
2017-09-30,NEW YORK,,120.0,140.0,130.0
2017-09-30,NEW YORK,,150.0,150.0,150.0
2017-09-30,NEW YORK,,140.0,140.0,140.0
2016-09-24,NEW YORK,,200.0,225.0,212.5
2016-10-01,NEW YORK,,200.0,225.0,212.5
2016-10-01,NEW YORK,,260.0,300.0,280.0
2016-10-08,NEW YORK,,260.0,260.0,260.0
2016-10-08,NEW YORK,,220.0,220.0,220.0
2016-10-15,NEW YORK,,260.0,260.0,260.0
2016-10-22,NEW YORK,,260.0,260.0,260.0
2017-09-16,NEW YORK,,200.0,200.0,200.0
2017-09-23,NEW YORK,,200.0,200.0,200.0
2017-09-30,NEW YORK,,200.0,265.0,232.5
2017-09-09,NEW YORK,,18.0,20.0,19.0
2017-09-16,NEW YORK,,18.0,20.0,19.0
2017-09-23,NEW YORK,,18.0,20.0,19.0
2017-09-30,NEW YORK,,18.0,20.0,19.0
2016-10-08,NEW YORK,,120.0,140.0,130.0
2016-09-24,NEW YORK,,75.0,80.0,77.5
2016-10-01,NEW YORK,,75.0,80.0,77.5
2016-10-08,NEW YORK,,200.0,200.0,200.0
2016-09-24,NEW YORK,,15.0,18.0,16.5
2016-09-24,NEW YORK,,20.0,20.0,20.0
2016-10-01,NEW YORK,,15.0,18.0,16.5
2016-10-01,NEW YORK,,20.0,20.0,20.0
2016-10-08,NEW YORK,,18.0,18.0,18.0
2016-10-08,NEW YORK,,20.0,20.0,20.0
2016-10-15,NEW YORK,,15.0,18.0,16.5
2016-10-15,NEW YORK,,18.0,20.0,19.0
2016-10-22,NEW YORK,,18.0,20.0,19.0
2016-10-22,NEW YORK,,15.0,18.0,16.5
2016-10-29,NEW YORK,,15.0,16.0,15.5
2016-10-29,NEW YORK,,18.0,18.0,18.0
2016-11-05,NEW YORK,,15.0,16.0,15.5
2016-11-05,NEW YORK,,18.0,18.0,18.0
2016-10-08,NEW YORK,,18.0,18.0,18.0
2016-10-08,NEW YORK,,18.0,18.0,18.0
2017-09-09,NEW YORK,,24.0,24.0,24.0
2017-09-09,NEW YORK,,18.0,18.0,18.0
2017-09-16,NEW YORK,,16.0,20.0,18.0
2017-09-16,NEW YORK,,24.0,24.0,24.0
2017-09-23,NEW YORK,,16.0,18.0,17.0
2017-09-30,NEW YORK,,16.0,18.0,17.0
2017-09-09,NEW YORK,,32.0,32.0,32.0
2016-10-08,NEW YORK,,18.0,18.0,18.0
2016-10-08,NEW YORK,,18.0,18.0,18.0
2016-10-15,NEW YORK,,18.0,18.0,18.0
2016-10-15,NEW YORK,,18.0,18.0,18.0
2017-09-16,DETROIT,,95.0,95.0,95.0
2017-09-16,DETROIT,,94.0,95.0,94.5
2017-09-23,DETROIT,,95.0,95.0,95.0
2017-09-23,DETROIT,,94.0,95.0,94.5
2017-09-23,DETROIT,,175.0,175.0,175.0
2017-09-23,DETROIT,,95.0,95.0,95.0
2017-09-30,DETROIT,,175.0,175.0,175.0
2017-09-30,DETROIT,,95.0,95.0,95.0
2016-10-22,DETROIT,,100.0,100.0,100.0
2016-10-29,DETROIT,,100.0,100.0,100.0
2016-10-22,DETROIT,,12.0,12.0,12.0
2016-10-29,DETROIT,,12.0,12.0,12.0
2016-11-05,DETROIT,,12.0,12.0,12.0
2017-09-09,DETROIT,,22.0,22.0,22.0
2017-09-16,DETROIT,,20.0,20.0,20.0
2017-09-16,DETROIT,,22.0,22.0,22.0
2017-09-23,DETROIT,,15.0,20.0,17.5
2017-09-30,DETROIT,,15.0,15.0,15.0
2016-09-24,DETROIT,,150.0,150.0,150.0
2016-09-24,DETROIT,,175.0,175.0,175.0
2016-10-01,DETROIT,,150.0,150.0,150.0
2016-10-01,DETROIT,,175.0,175.0,175.0
2016-10-08,DETROIT,,100.0,115.0,107.5
2016-10-08,DETROIT,,150.0,150.0,150.0
2016-10-15,DETROIT,,100.0,115.0,107.5
2016-10-15,DETROIT,,150.0,150.0,150.0
2016-10-22,DETROIT,,115.0,120.0,117.5
2016-10-22,DETROIT,,150.0,150.0,150.0
2016-10-29,DETROIT,,115.0,120.0,117.5
2016-10-29,DETROIT,,150.0,150.0,150.0
2016-11-05,DETROIT,,115.0,120.0,117.5
2016-11-05,DETROIT,,150.0,150.0,150.0
2017-09-16,DETROIT,,149.0,150.0,149.5
2017-09-23,DETROIT,,149.0,150.0,149.5
2017-09-23,DETROIT,,175.0,175.0,175.0
2017-09-30,DETROIT,,175.0,175.0,175.0
2017-09-16,DETROIT,,20.0,20.0,20.0
2017-09-23,DETROIT,,20.0,20.0,20.0
2016-09-24,DETROIT,,150.0,150.0,150.0
2016-10-01,DETROIT,,150.0,150.0,150.0
2016-10-08,DETROIT,,150.0,150.0,150.0
2016-10-15,DETROIT,,150.0,150.0,150.0
2016-10-22,DETROIT,,135.0,135.0,135.0
2016-10-29,DETROIT,,135.0,135.0,135.0
2017-09-16,DALLAS,,160.0,225.0,192.5
2017-09-23,DALLAS,,160.0,225.0,192.5
2017-09-30,DALLAS,,160.0,225.0,192.5
2016-09-24,DALLAS,,160.0,160.0,160.0
2016-09-24,DALLAS,,150.0,150.0,150.0
2016-09-24,DALLAS,,150.0,150.0,150.0
2016-10-01,DALLAS,,150.0,160.0,155.0
2016-10-01,DALLAS,,125.0,150.0,137.5
2016-10-01,DALLAS,,125.0,150.0,137.5
2016-10-08,DALLAS,,150.0,150.0,150.0
2016-10-08,DALLAS,,125.0,150.0,137.5
2016-10-08,DALLAS,,125.0,125.0,125.0
2016-10-15,DALLAS,,150.0,150.0,150.0
2016-10-15,DALLAS,,125.0,150.0,137.5
2016-10-15,DALLAS,,125.0,125.0,125.0
2016-10-22,DALLAS,,150.0,150.0,150.0
2016-10-22,DALLAS,,125.0,150.0,137.5
2016-10-22,DALLAS,,125.0,125.0,125.0
2016-10-29,DALLAS,,115.0,120.0,117.5
2016-10-29,DALLAS,,100.0,120.0,110.0
2016-10-29,DALLAS,,120.0,120.0,120.0
2016-11-05,DALLAS,,115.0,115.0,115.0
2016-11-05,DALLAS,,100.0,100.0,100.0
2016-11-05,DALLAS,,120.0,120.0,120.0
2017-09-16,DALLAS,,160.0,160.0,160.0
2017-09-16,DALLAS,,150.0,160.0,155.0
2017-09-23,DALLAS,,170.0,170.0,170.0
2017-09-23,DALLAS,,160.0,160.0,160.0
2017-09-23,DALLAS,,150.0,160.0,155.0
2017-09-30,DALLAS,,170.0,170.0,170.0
2017-09-30,DALLAS,,170.0,170.0,170.0
2017-09-30,DALLAS,,125.0,160.0,142.5
2017-09-30,DALLAS,,125.0,160.0,142.5
2017-09-30,DALLAS,,125.0,160.0,142.5
2016-09-24,DALLAS,,170.0,170.0,170.0
2016-10-01,DALLAS,,160.0,170.0,165.0
2016-10-08,DALLAS,,160.0,160.0,160.0
2016-10-15,DALLAS,,160.0,160.0,160.0
2016-10-22,DALLAS,,160.0,160.0,160.0
2016-10-29,DALLAS,,120.0,140.0,130.0
2016-11-05,DALLAS,,120.0,120.0,120.0
2017-09-16,DALLAS,,165.0,165.0,165.0
2017-09-16,DALLAS,,150.0,150.0,150.0
2017-09-23,DALLAS,,165.0,165.0,165.0
2017-09-23,DALLAS,,150.0,150.0,150.0
2017-09-23,DALLAS,,150.0,150.0,150.0
2017-09-30,DALLAS,,165.0,165.0,165.0
2017-09-30,DALLAS,,150.0,150.0,150.0
2017-09-30,DALLAS,,150.0,150.0,150.0
2016-09-24,DALLAS,,160.0,160.0,160.0
2016-10-01,DALLAS,,150.0,160.0,155.0
2016-10-08,DALLAS,,150.0,150.0,150.0
2016-10-15,DALLAS,,150.0,150.0,150.0
2016-10-22,DALLAS,,150.0,150.0,150.0
2016-10-29,DALLAS,,120.0,120.0,120.0
2016-11-05,DALLAS,,120.0,120.0,120.0
2016-09-24,DALLAS,,170.0,170.0,170.0
2016-10-01,DALLAS,,160.0,170.0,165.0
2016-10-08,DALLAS,,160.0,160.0,160.0
2016-10-15,DALLAS,,160.0,160.0,160.0
2016-10-22,DALLAS,,160.0,160.0,160.0
2016-10-29,DALLAS,,140.0,140.0,140.0
2016-11-05,DALLAS,,140.0,140.0,140.0
2016-09-24,DALLAS,,160.0,160.0,160.0
2016-10-01,DALLAS,,150.0,160.0,155.0
2016-10-08,DALLAS,,150.0,150.0,150.0
2016-10-15,DALLAS,,150.0,150.0,150.0
2016-10-22,DALLAS,,150.0,150.0,150.0
2016-10-29,DALLAS,,120.0,120.0,120.0
2016-11-05,DALLAS,,120.0,120.0,120.0
2016-09-24,DALLAS,,170.0,170.0,170.0
2016-10-01,DALLAS,,160.0,170.0,165.0
2016-10-08,DALLAS,,160.0,160.0,160.0
2016-10-15,DALLAS,,160.0,160.0,160.0
2016-10-22,DALLAS,,160.0,160.0,160.0
2016-10-29,DALLAS,,140.0,140.0,140.0
2016-11-05,DALLAS,,140.0,140.0,140.0
2016-09-24,DALLAS,,160.0,160.0,160.0
2016-10-01,DALLAS,,150.0,250.0,200.0
2016-10-01,DALLAS,,150.0,150.0,150.0
2016-10-08,DALLAS,,250.0,250.0,250.0
2016-10-08,DALLAS,,150.0,150.0,150.0
2016-10-15,DALLAS,,250.0,250.0,250.0
2016-10-15,DALLAS,,150.0,150.0,150.0
2016-10-22,DALLAS,,250.0,250.0,250.0
2016-10-22,DALLAS,,150.0,150.0,150.0
2016-10-29,DALLAS,,200.0,200.0,200.0
2016-11-05,DALLAS,,200.0,200.0,200.0
2016-11-12,DALLAS,,175.0,175.0,175.0
2017-09-30,DALLAS,,225.0,225.0,225.0
2016-09-24,DALLAS,,160.0,160.0,160.0
2016-10-01,DALLAS,,160.0,160.0,160.0
2016-10-08,DALLAS,,160.0,160.0,160.0
2016-10-15,DALLAS,,160.0,160.0,160.0
2016-10-22,DALLAS,,160.0,160.0,160.0
2016-10-29,DALLAS,,140.0,140.0,140.0
2016-11-05,DALLAS,,140.0,140.0,140.0
2016-10-01,DALLAS,,20.0,20.0,20.0
2016-10-08,DALLAS,,20.0,21.0,20.5
2016-10-15,DALLAS,,20.0,21.0,20.5
2016-10-22,DALLAS,,20.0,21.0,20.5
2016-10-29,DALLAS,,20.0,21.0,20.5
2016-11-05,DALLAS,,20.0,21.0,20.5
2016-10-08,DALLAS,,100.0,100.0,100.0
2016-10-15,DALLAS,,100.0,100.0,100.0
2016-10-22,DALLAS,,100.0,100.0,100.0
2017-09-16,DALLAS,,225.0,225.0,225.0
2017-09-23,DALLAS,,225.0,225.0,225.0
2017-09-30,DALLAS,,225.0,225.0,225.0
2016-09-24,DALLAS,,300.0,300.0,300.0
2016-10-01,DALLAS,,300.0,300.0,300.0
2016-10-08,DALLAS,,300.0,300.0,300.0
2016-10-15,DALLAS,,300.0,300.0,300.0
2016-10-22,DALLAS,,300.0,300.0,300.0
2016-10-29,DALLAS,,250.0,250.0,250.0
2016-11-05,DALLAS,,250.0,250.0,250.0
2017-09-16,DALLAS,,250.0,250.0,250.0
2017-09-23,DALLAS,,250.0,250.0,250.0
2017-09-30,DALLAS,,250.0,250.0,250.0
2016-09-24,DALLAS,,30.0,32.0,31.0
2016-10-01,DALLAS,,30.0,30.0,30.0
2016-10-08,DALLAS,,30.0,31.0,30.5
2016-10-15,DALLAS,,30.0,31.0,30.5
2016-10-22,DALLAS,,30.0,31.0,30.5
2016-10-29,DALLAS,,24.0,24.0,24.0
2016-11-05,DALLAS,,24.0,24.0,24.0
2017-09-23,DALLAS,,35.0,35.0,35.0
2017-09-30,DALLAS,,35.0,35.0,35.0
2017-09-16,DALLAS,,60.0,60.0,60.0
2017-09-23,DALLAS,,60.0,60.0,60.0
2017-09-30,DALLAS,,60.0,60.0,60.0
2016-10-01,DALLAS,,150.0,150.0,150.0
2016-10-08,DALLAS,,150.0,150.0,150.0
2016-10-15,DALLAS,,150.0,150.0,150.0
2016-10-22,DALLAS,,150.0,150.0,150.0
2016-10-29,DALLAS,,120.0,120.0,120.0
2016-11-05,DALLAS,,120.0,120.0,120.0
2014-11-29,MIAMI,,120.0,120.0,120.0
2014-11-29,MIAMI,,160.0,160.0,160.0
2014-11-29,MIAMI,,230.0,230.0,230.0
2016-09-24,SAN FRANCISCO,,155.0,155.0,155.0
2016-10-01,SAN FRANCISCO,,155.0,155.0,155.0
2016-10-01,SAN FRANCISCO,,155.0,155.0,155.0
2016-10-01,SAN FRANCISCO,,135.0,135.0,135.0
2016-10-08,SAN FRANCISCO,,135.0,150.0,142.5
2016-10-08,SAN FRANCISCO,,135.0,135.0,135.0
2016-10-15,SAN FRANCISCO,,120.0,150.0,135.0
2016-10-15,SAN FRANCISCO,,120.0,150.0,135.0
2016-10-15,SAN FRANCISCO,,120.0,145.0,132.5
2016-10-22,SAN FRANCISCO,,120.0,145.0,132.5
2016-10-22,SAN FRANCISCO,,120.0,150.0,135.0
2016-10-22,SAN FRANCISCO,,120.0,145.0,132.5
2016-10-29,SAN FRANCISCO,,120.0,145.0,132.5
2016-10-29,SAN FRANCISCO,,110.0,150.0,130.0
2016-10-29,SAN FRANCISCO,,100.0,145.0,122.5
2016-11-05,SAN FRANCISCO,,120.0,120.0,120.0
2016-11-05,SAN FRANCISCO,,110.0,120.0,115.0
2016-11-05,SAN FRANCISCO,,100.0,120.0,110.0
2016-11-12,SAN FRANCISCO,,120.0,120.0,120.0
2016-11-12,SAN FRANCISCO,,110.0,120.0,115.0
2016-10-22,SAN FRANCISCO,Organic,440.0,440.0,440.0
2016-10-08,SAN FRANCISCO,,135.0,150.0,142.5
2016-10-08,SAN FRANCISCO,,135.0,150.0,142.5
2016-10-08,SAN FRANCISCO,,135.0,150.0,142.5
2016-10-15,SAN FRANCISCO,,135.0,150.0,142.5
2016-10-15,SAN FRANCISCO,,135.0,150.0,142.5
2016-10-15,SAN FRANCISCO,,135.0,150.0,142.5
2017-09-09,SAN FRANCISCO,,140.0,140.0,140.0
2017-09-16,SAN FRANCISCO,,140.0,175.0,157.5
2017-09-23,SAN FRANCISCO,,175.0,175.0,175.0
2017-09-23,SAN FRANCISCO,,120.0,120.0,120.0
2017-09-23,SAN FRANCISCO,,120.0,120.0,120.0
2017-09-23,SAN FRANCISCO,,120.0,120.0,120.0
2017-09-30,SAN FRANCISCO,,120.0,135.0,127.5
2017-09-30,SAN FRANCISCO,,120.0,135.0,127.5
2017-09-30,SAN FRANCISCO,,200.0,200.0,200.0
2017-09-30,SAN FRANCISCO,,120.0,120.0,120.0
2017-09-16,SAN FRANCISCO,,255.0,255.0,255.0
2017-09-23,SAN FRANCISCO,,185.0,255.0,220.0
2017-09-30,SAN FRANCISCO,,185.0,200.0,192.5
2016-10-08,SAN FRANCISCO,Organic,300.0,300.0,300.0
2016-10-15,SAN FRANCISCO,Organic,300.0,300.0,300.0
2017-09-30,SAN FRANCISCO,,185.0,200.0,192.5
2016-10-15,SAN FRANCISCO,Organic,350.0,350.0,350.0
2016-10-15,SAN FRANCISCO,Organic,480.0,480.0,480.0
2016-10-29,SAN FRANCISCO,Organic,350.0,350.0,350.0
2016-11-05,SAN FRANCISCO,Organic,350.0,350.0,350.0
2016-11-12,SAN FRANCISCO,Organic,350.0,350.0,350.0
2016-09-24,SAN FRANCISCO,,30.0,32.0,31.0
2016-09-24,SAN FRANCISCO,Organic,32.0,32.0,32.0
2016-10-01,SAN FRANCISCO,Organic,31.5,32.0,31.75
2016-10-01,SAN FRANCISCO,Organic,29.0,30.0,29.5
2016-10-08,SAN FRANCISCO,Organic,31.5,31.5,31.5
2016-10-08,SAN FRANCISCO,Organic,29.0,29.0,29.0
2016-10-15,SAN FRANCISCO,Organic,28.0,31.5,29.75
2016-10-15,SAN FRANCISCO,Organic,29.0,30.0,29.5
2016-10-22,SAN FRANCISCO,Organic,28.0,28.0,28.0
2016-10-22,SAN FRANCISCO,Organic,30.0,30.0,30.0
2016-10-29,SAN FRANCISCO,Organic,28.0,28.0,28.0
2016-10-29,SAN FRANCISCO,Organic,30.0,35.0,32.5
2016-11-05,SAN FRANCISCO,Organic,24.5,28.0,26.25
2016-11-05,SAN FRANCISCO,Organic,35.0,35.0,35.0
2016-11-12,SAN FRANCISCO,Organic,24.0,24.0,24.0
2016-11-19,SAN FRANCISCO,Organic,24.0,24.5,24.25
2016-11-19,SAN FRANCISCO,Organic,30.0,30.0,30.0
2016-11-26,SAN FRANCISCO,Organic,24.0,24.0,24.0
2016-12-03,SAN FRANCISCO,Organic,24.0,24.0,24.0
2016-12-10,SAN FRANCISCO,Organic,24.0,24.0,24.0
2017-01-07,SAN FRANCISCO,Organic,25.0,25.0,25.0
2017-01-14,SAN FRANCISCO,Organic,25.0,25.0,25.0
2017-09-02,SAN FRANCISCO,Organic,36.0,36.0,36.0
2017-09-09,SAN FRANCISCO,Organic,36.0,36.0,36.0
2017-09-16,SAN FRANCISCO,Organic,33.0,36.0,34.5
2017-09-23,SAN FRANCISCO,Organic,32.75,36.0,34.375
2017-09-30,SAN FRANCISCO,Organic,32.75,33.5,33.125
2017-09-16,SAN FRANCISCO,,260.0,260.0,260.0
2017-09-23,SAN FRANCISCO,,260.0,260.0,260.0
2017-09-30,SAN FRANCISCO,,260.0,260.0,260.0
2017-09-23,SAN FRANCISCO,Organic,440.0,440.0,440.0
2017-09-30,SAN FRANCISCO,Organic,440.0,440.0,440.0
2016-10-01,SAN FRANCISCO,,32.0,33.0,32.5
2016-10-08,SAN FRANCISCO,,32.0,34.0,33.0
2016-10-15,SAN FRANCISCO,,30.0,34.0,32.0
2016-10-15,SAN FRANCISCO,,16.0,18.0,17.0
2016-10-22,SAN FRANCISCO,,16.0,18.0,17.0
2016-10-29,SAN FRANCISCO,,16.0,18.0,17.0
2016-11-05,SAN FRANCISCO,,16.0,18.0,17.0
2016-11-12,SAN FRANCISCO,,16.0,18.0,17.0
2017-09-30,SAN FRANCISCO,,200.0,200.0,200.0
2016-10-15,SAN FRANCISCO,,140.0,140.0,140.0
2016-10-22,SAN FRANCISCO,,140.0,140.0,140.0
2016-10-29,SAN FRANCISCO,,140.0,140.0,140.0
2016-10-29,SAN FRANCISCO,,65.0,80.0,72.5
2016-11-05,SAN FRANCISCO,,65.0,80.0,72.5
2016-10-01,SAN FRANCISCO,,160.0,175.0,167.5
2016-10-08,SAN FRANCISCO,,160.0,160.0,160.0
2016-10-15,SAN FRANCISCO,,160.0,160.0,160.0
2016-10-22,SAN FRANCISCO,,160.0,160.0,160.0
2016-10-29,SAN FRANCISCO,,140.0,160.0,150.0
2016-11-05,SAN FRANCISCO,,140.0,160.0,150.0
2017-09-23,SAN FRANCISCO,,200.0,200.0,200.0
2017-09-30,SAN FRANCISCO,,200.0,200.0,200.0
2016-09-24,SAN FRANCISCO,,20.0,26.0,23.0
2016-10-01,SAN FRANCISCO,,20.0,20.0,20.0
2016-10-01,SAN FRANCISCO,,20.0,20.0,20.0
2016-10-01,SAN FRANCISCO,,20.0,20.0,20.0
2016-10-08,SAN FRANCISCO,,20.0,22.0,21.0
2016-10-08,SAN FRANCISCO,,20.0,22.0,21.0
2016-10-08,SAN FRANCISCO,,20.0,22.0,21.0
2016-10-15,SAN FRANCISCO,,20.0,22.0,21.0
2016-10-15,SAN FRANCISCO,,20.0,22.0,21.0
2016-10-15,SAN FRANCISCO,,20.0,22.0,21.0
2016-10-22,SAN FRANCISCO,,20.0,22.0,21.0
2016-10-22,SAN FRANCISCO,,20.0,22.0,21.0
2016-10-22,SAN FRANCISCO,,20.0,22.0,21.0
2016-10-29,SAN FRANCISCO,,20.0,20.0,20.0
2016-10-29,SAN FRANCISCO,,20.0,20.0,20.0
2016-10-29,SAN FRANCISCO,,20.0,20.0,20.0
2016-11-05,SAN FRANCISCO,,20.0,20.0,20.0
2016-11-05,SAN FRANCISCO,,20.0,20.0,20.0
2016-11-05,SAN FRANCISCO,,20.0,20.0,20.0
2016-11-12,SAN FRANCISCO,,20.0,20.0,20.0
2016-11-12,SAN FRANCISCO,,20.0,20.0,20.0
2017-09-30,SAN FRANCISCO,,24.0,24.0,24.0
2017-09-30,SAN FRANCISCO,,24.0,24.0,24.0
2017-09-30,SAN FRANCISCO,,24.0,24.0,24.0
2016-10-01,SAN FRANCISCO,,30.0,35.0,32.5
2016-10-01,SAN FRANCISCO,,30.0,35.0,32.5
2016-10-08,SAN FRANCISCO,,30.0,35.0,32.5
2016-10-08,SAN FRANCISCO,,30.0,35.0,32.5
2016-10-15,SAN FRANCISCO,,30.0,35.0,32.5
2016-10-15,SAN FRANCISCO,,30.0,35.0,32.5
2016-10-22,SAN FRANCISCO,,30.0,35.0,32.5
2016-10-22,SAN FRANCISCO,,30.0,35.0,32.5
2016-10-29,SAN FRANCISCO,,30.0,30.0,30.0
2016-10-29,SAN FRANCISCO,,30.0,30.0,30.0
2016-11-05,SAN FRANCISCO,,30.0,30.0,30.0
2016-11-05,SAN FRANCISCO,,30.0,30.0,30.0
2016-10-08,SAN FRANCISCO,,25.0,48.0,36.5
2016-10-15,SAN FRANCISCO,,45.0,48.0,46.5
2016-10-22,SAN FRANCISCO,,45.0,48.0,46.5
2016-10-22,SAN FRANCISCO,,45.0,48.0,46.5
2016-10-29,SAN FRANCISCO,,45.0,48.0,46.5
2016-11-05,SAN FRANCISCO,,45.0,45.0,45.0
2017-09-23,SAN FRANCISCO,,48.0,48.0,48.0
2017-09-23,SAN FRANCISCO,,48.0,55.0,51.5
2017-09-30,SAN FRANCISCO,,46.0,48.0,47.0
2017-09-30,SAN FRANCISCO,,46.0,55.0,50.5
2016-09-24,SAN FRANCISCO,,20.0,26.0,23.0
2016-10-01,SAN FRANCISCO,,20.0,20.0,20.0
2016-10-08,SAN FRANCISCO,,20.0,22.0,21.0
2016-10-15,SAN FRANCISCO,,20.0,22.0,21.0
2016-10-22,SAN FRANCISCO,,20.0,22.0,21.0
2016-10-29,SAN FRANCISCO,,20.0,22.0,21.0
2016-11-05,SAN FRANCISCO,,20.0,22.0,21.0
2016-11-12,SAN FRANCISCO,,20.0,22.0,21.0
2017-09-16,SAN FRANCISCO,,26.5,26.5,26.5
2017-09-23,SAN FRANCISCO,,25.5,26.5,26.0
2017-09-30,SAN FRANCISCO,,22.0,26.5,24.25
2016-09-24,SAN FRANCISCO,,35.0,35.0,35.0
2016-10-01,SAN FRANCISCO,,30.0,35.0,32.5
2016-10-08,SAN FRANCISCO,,30.0,35.0,32.5
2016-10-15,SAN FRANCISCO,,30.0,35.0,32.5
2016-10-22,SAN FRANCISCO,,30.0,35.0,32.5
2016-10-29,SAN FRANCISCO,,30.0,30.0,30.0
2016-11-05,SAN FRANCISCO,,30.0,30.0,30.0
2017-09-16,PHILADELPHIA,,140.0,150.0,145.0
2016-09-24,PHILADELPHIA,,150.0,150.0,150.0
2016-09-24,PHILADELPHIA,,150.0,150.0,150.0
2016-09-24,PHILADELPHIA,,150.0,160.0,155.0
2016-10-01,PHILADELPHIA,,140.0,140.0,140.0
2016-10-01,PHILADELPHIA,,140.0,140.0,140.0
2016-10-01,PHILADELPHIA,,120.0,120.0,120.0
2016-10-08,PHILADELPHIA,,140.0,155.0,147.5
2016-10-08,PHILADELPHIA,,120.0,120.0,120.0
2016-10-15,PHILADELPHIA,,120.0,125.0,122.5
2016-10-15,PHILADELPHIA,,100.0,125.0,112.5
2016-10-22,PHILADELPHIA,,130.0,140.0,135.0
2016-10-22,PHILADELPHIA,,120.0,120.0,120.0
2016-10-22,PHILADELPHIA,,130.0,140.0,135.0
2016-10-22,PHILADELPHIA,,100.0,120.0,110.0
2016-10-29,PHILADELPHIA,,130.0,140.0,135.0
2016-10-29,PHILADELPHIA,,120.0,120.0,120.0
2016-10-29,PHILADELPHIA,,130.0,140.0,135.0
2016-10-29,PHILADELPHIA,,100.0,120.0,110.0
2017-09-16,PHILADELPHIA,,120.0,120.0,120.0
2017-09-16,PHILADELPHIA,,120.0,150.0,135.0
2017-09-23,PHILADELPHIA,,140.0,140.0,140.0
2017-09-23,PHILADELPHIA,,150.0,150.0,150.0
2017-09-23,PHILADELPHIA,,120.0,150.0,135.0
2017-09-23,PHILADELPHIA,,140.0,150.0,145.0
2017-09-23,PHILADELPHIA,,140.0,150.0,145.0
2017-09-30,PHILADELPHIA,,140.0,140.0,140.0
2017-09-30,PHILADELPHIA,,140.0,140.0,140.0
2016-10-15,PHILADELPHIA,,12.0,14.0,13.0
2016-10-22,PHILADELPHIA,,12.0,12.0,12.0
2016-10-29,PHILADELPHIA,,12.0,12.0,12.0
2017-08-26,PHILADELPHIA,,18.0,20.0,19.0
2017-09-16,PHILADELPHIA,,18.0,18.0,18.0
2017-09-23,PHILADELPHIA,,18.0,22.0,20.0
2016-10-01,PHILADELPHIA,,250.0,250.0,250.0
2016-10-15,PHILADELPHIA,,140.0,140.0,140.0
2016-10-22,PHILADELPHIA,,140.0,150.0,145.0
2016-10-22,PHILADELPHIA,,75.0,100.0,87.5
2016-10-29,PHILADELPHIA,,140.0,150.0,145.0
2016-10-29,PHILADELPHIA,,75.0,100.0,87.5
2017-09-23,PHILADELPHIA,,180.0,180.0,180.0
2017-09-23,PHILADELPHIA,,140.0,140.0,140.0
2017-09-23,PHILADELPHIA,,180.0,180.0,180.0
2017-09-30,PHILADELPHIA,,140.0,140.0,140.0
2016-10-08,PHILADELPHIA,,210.0,210.0,210.0
2016-09-24,PHILADELPHIA,,17.0,18.0,17.5
2016-10-01,PHILADELPHIA,,18.0,18.0,18.0
2016-10-01,PHILADELPHIA,,17.0,18.0,17.5
2016-10-08,PHILADELPHIA,,15.0,15.0,15.0
2016-10-15,PHILADELPHIA,,15.0,18.0,16.5
2016-10-22,PHILADELPHIA,,16.0,18.0,17.0
2016-10-29,PHILADELPHIA,,16.0,18.0,17.0
2016-11-05,PHILADELPHIA,,16.0,18.0,17.0
2017-08-26,PHILADELPHIA,,18.0,20.0,19.0
2017-09-16,PHILADELPHIA,,16.0,16.0,16.0
2017-09-23,PHILADELPHIA,,15.0,16.0,15.5
2017-09-30,PHILADELPHIA,,15.0,18.0,16.5
2016-09-26,ST. LOUIS,,105.0,105.0,105.0
2016-09-26,ST. LOUIS,,105.0,105.0,105.0
2016-09-27,ST. LOUIS,,105.0,105.0,105.0
2016-09-27,ST. LOUIS,,105.0,105.0,105.0
2016-09-28,ST. LOUIS,,105.0,105.0,105.0
2016-09-28,ST. LOUIS,,105.0,105.0,105.0
2016-09-29,ST. LOUIS,,105.0,105.0,105.0
2016-09-29,ST. LOUIS,,105.0,105.0,105.0
2016-09-30,ST. LOUIS,,105.0,105.0,105.0
2016-09-30,ST. LOUIS,,105.0,105.0,105.0
2016-09-26,ST. LOUIS,,125.0,135.0,130.0
2016-09-26,ST. LOUIS,,135.0,135.0,135.0
2016-09-26,ST. LOUIS,,125.0,135.0,130.0
2016-09-26,ST. LOUIS,,125.0,125.0,125.0
2016-09-26,ST. LOUIS,,125.0,125.0,125.0
2016-09-26,ST. LOUIS,,125.0,125.0,125.0
2016-09-27,ST. LOUIS,,125.0,135.0,130.0
2016-09-27,ST. LOUIS,,135.0,135.0,135.0
2016-09-27,ST. LOUIS,,125.0,135.0,130.0
2016-09-27,ST. LOUIS,,125.0,125.0,125.0
2016-09-27,ST. LOUIS,,125.0,125.0,125.0
2016-09-27,ST. LOUIS,,125.0,125.0,125.0
2016-09-28,ST. LOUIS,,125.0,135.0,130.0
2016-09-28,ST. LOUIS,,135.0,135.0,135.0
2016-09-28,ST. LOUIS,,125.0,135.0,130.0
2016-09-28,ST. LOUIS,,125.0,125.0,125.0
2016-09-28,ST. LOUIS,,125.0,125.0,125.0
2016-09-28,ST. LOUIS,,125.0,125.0,125.0
2016-09-29,ST. LOUIS,,125.0,135.0,130.0
2016-09-29,ST. LOUIS,,135.0,135.0,135.0
2016-09-29,ST. LOUIS,,125.0,135.0,130.0
2016-09-29,ST. LOUIS,,125.0,125.0,125.0
2016-09-29,ST. LOUIS,,125.0,125.0,125.0
2016-09-29,ST. LOUIS,,125.0,125.0,125.0
2016-09-30,ST. LOUIS,,115.0,125.0,120.0
2016-09-30,ST. LOUIS,,115.0,115.0,115.0
2016-09-30,ST. LOUIS,,115.0,125.0,120.0
2016-09-30,ST. LOUIS,,115.0,115.0,115.0
2016-09-30,ST. LOUIS,,115.0,115.0,115.0
2016-09-30,ST. LOUIS,,115.0,115.0,115.0
2016-09-26,ST. LOUIS,,150.0,150.0,150.0
2016-09-27,ST. LOUIS,,150.0,150.0,150.0
2016-09-28,ST. LOUIS,,150.0,150.0,150.0
2016-09-29,ST. LOUIS,,150.0,150.0,150.0
2016-09-30,ST. LOUIS,,150.0,150.0,150.0
2016-09-26,ST. LOUIS,,175.0,175.0,175.0
2016-09-27,ST. LOUIS,,175.0,175.0,175.0
2016-09-28,ST. LOUIS,,175.0,175.0,175.0
2016-09-29,ST. LOUIS,,175.0,175.0,175.0
2016-09-30,ST. LOUIS,,175.0,175.0,175.0
2016-09-26,ST. LOUIS,,275.0,275.0,275.0
2016-09-27,ST. LOUIS,,275.0,275.0,275.0
2016-09-28,ST. LOUIS,,275.0,275.0,275.0
2016-09-29,ST. LOUIS,,275.0,275.0,275.0
2016-09-30,ST. LOUIS,,150.0,150.0,150.0
2016-09-26,ST. LOUIS,,100.0,100.0,100.0
2016-09-26,ST. LOUIS,,135.0,135.0,135.0
2016-09-27,ST. LOUIS,,100.0,100.0,100.0
2016-09-27,ST. LOUIS,,135.0,135.0,135.0
2016-09-28,ST. LOUIS,,100.0,100.0,100.0
2016-09-28,ST. LOUIS,,135.0,135.0,135.0
2016-09-29,ST. LOUIS,,100.0,100.0,100.0
2016-09-29,ST. LOUIS,,135.0,135.0,135.0
2016-09-30,ST. LOUIS,,100.0,100.0,100.0
2016-09-30,ST. LOUIS,,135.0,135.0,135.0
2016-09-26,ST. LOUIS,,15.0,15.0,15.0
2016-09-26,ST. LOUIS,,15.0,15.0,15.0
2016-09-26,ST. LOUIS,,15.75,15.75,15.75
2016-09-26,ST. LOUIS,,12.5,12.5,12.5
2016-09-27,ST. LOUIS,,15.0,15.0,15.0
2016-09-27,ST. LOUIS,,15.0,15.0,15.0
2016-09-27,ST. LOUIS,,15.0,15.75,15.375
2016-09-27,ST. LOUIS,,12.5,15.0,13.75
2016-09-28,ST. LOUIS,,15.0,15.0,15.0
2016-09-28,ST. LOUIS,,15.0,15.0,15.0
2016-09-28,ST. LOUIS,,15.0,15.75,15.375
2016-09-28,ST. LOUIS,,12.5,15.0,13.75
2016-09-29,ST. LOUIS,,15.0,15.0,15.0
2016-09-29,ST. LOUIS,,15.0,15.0,15.0
2016-09-29,ST. LOUIS,,13.75,15.0,14.375
2016-09-29,ST. LOUIS,,10.75,15.0,12.875
2016-09-29,ST. LOUIS,,12.0,12.0,12.0
2016-09-29,ST. LOUIS,,12.0,12.0,12.0
2016-09-30,ST. LOUIS,,15.0,15.0,15.0
2016-09-30,ST. LOUIS,,15.0,15.0,15.0
2016-09-30,ST. LOUIS,,13.75,15.0,14.375
2016-09-30,ST. LOUIS,,10.75,15.0,12.875
2016-09-30,ST. LOUIS,,12.0,12.0,12.0
2016-09-30,ST. LOUIS,,12.0,12.0,12.0
2016-09-26,ST. LOUIS,,16.75,16.75,16.75
2016-09-26,ST. LOUIS,,16.75,16.75,16.75
2016-09-27,ST. LOUIS,,16.75,16.75,16.75
2016-09-27,ST. LOUIS,,16.75,16.75,16.75
2016-09-28,ST. LOUIS,,14.75,14.75,14.75
2016-09-28,ST. LOUIS,,14.75,14.75,14.75
2016-09-29,ST. LOUIS,,10.75,10.75,10.75
2016-09-29,ST. LOUIS,,14.75,14.75,14.75
2016-09-30,ST. LOUIS,,10.75,10.75,10.75
2016-09-30,ST. LOUIS,,14.75,14.75,14.75
2016-09-26,ST. LOUIS,,275.0,275.0,275.0
2016-09-27,ST. LOUIS,,275.0,275.0,275.0
2016-09-28,ST. LOUIS,,275.0,275.0,275.0
2016-09-29,ST. LOUIS,,275.0,275.0,275.0
